pid,AGE,OS_MONTHS,event,male,kps10,mgmt_meth,idh_mut,entropy,dominant,dominance,p_MES,p_AC,p_OPC,p_NPC,platform,n_mut,MATH,median_vaf,has_ent,has_math
TCGA-12-0657,69.0,0.1,1.0,1.0,,,,0.8932567185153396,MES,0.3926310670276279,0.3926310670276279,0.3715387365531633,0.12740714792102797,0.10842304849818088,Agilent,82.0,64.07461409236657,0.3173202614379085,True,True
TCGA-32-1977,63.0,0.1,0.0,0.0,,1.0,0.0,0.9412799487347909,MES,0.3526968831669622,0.3526968831669622,0.3348671735503063,0.11877848117008899,0.1936574621126425,Agilent,94.0,26.02897789778501,0.21286446020488575,True,True
TCGA-28-1757,71.0,0.13,0.0,1.0,8.0,1.0,,0.9133782395375304,AC,0.4624796314800731,0.2361906963385249,0.4624796314800731,0.13511472127453178,0.16621495090687013,Agilent,270.0,66.29325052928722,0.27525252525252525,True,True
TCGA-19-1791,82.0,0.13,0.0,0.0,,0.0,,0.8027379347155233,AC,0.5052448510859384,0.025216468054114732,0.5052448510859384,0.19942406969880375,0.27011461116114305,Agilent,115.0,86.76201793721974,0.2857142857142857,True,True
TCGA-19-2624,51.0,0.16,1.0,1.0,,0.0,0.0,0.6098122388594587,NPC,0.720895294031955,0.022954143704766564,0.106649429892883,0.1495011323703955,0.720895294031955,Agilent,57.0,57.06497142857143,0.35766423357664234,True,True
TCGA-41-4097,63.0,0.2,1.0,0.0,,0.0,0.0,0.9084291326285505,MES,0.4342321582193246,0.4342321582193246,0.2997121746123331,0.14264245078535215,0.12341321638299012,Agilent,52.0,57.44363624386943,0.19139194139194138,True,True
TCGA-28-1746,77.0,0.2,0.0,0.0,8.0,1.0,,0.7152536739940654,NPC,0.5727666212423667,0.015092648416745558,0.11473828412996688,0.2974024462109209,0.5727666212423667,Agilent,95.0,38.360979020979016,0.3611111111111111,True,True
TCGA-06-0140,86.0,0.2,1.0,1.0,9.0,0.0,0.0,,,,,,,,,54.0,33.98971888943081,0.24061179784071351,False,True
TCGA-06-0402,71.0,0.26,1.0,1.0,,,,0.956274238739324,MES,0.38724372201753166,0.38724372201753166,0.25174983125183814,0.14509819832331264,0.21590824840731773,Agilent,,,,True,False
TCGA-14-3476,74.0,0.39,1.0,1.0,,1.0,0.0,0.914971553740825,OPC,0.448071093521657,0.13406187417312063,0.15337142671217802,0.448071093521657,0.2644956055930443,Agilent,78.0,64.41642748928787,0.2617583362264213,True,True
TCGA-06-0201,51.0,0.39,1.0,0.0,,,,,,,,,,,,,,,False,False
TCGA-06-2569,24.0,0.43,0.0,0.0,8.0,0.0,0.0,0.815253387482791,NPC,0.40636801928736294,0.4063101915689707,0.03131951231270265,0.15600227683096377,0.40636801928736294,Agilent,33.0,78.03157894736843,0.25,True,True
TCGA-32-1976,65.0,0.49,1.0,1.0,6.0,0.0,,0.7995954246095118,MES,0.5466827544916838,0.5466827544916838,0.28168063789961445,0.08545773022538412,0.08617887738331763,Agilent,77.0,58.3821761658031,0.3350694444444444,True,True
TCGA-06-0213,55.0,0.53,1.0,0.0,,,0.0,,,,,,,,,75.0,26.59734216335541,0.27439024390243905,False,True
TCGA-19-0962,77.0,0.66,1.0,0.0,4.0,1.0,,0.8314686530981292,MES,0.5336227223677771,0.5336227223677771,0.260269402073337,0.11417891952059726,0.09192895603828871,Agilent,,,,True,False
TCGA-28-2502,65.0,0.66,0.0,1.0,2.0,0.0,0.0,0.9303775222625502,MES,0.37200526854151844,0.37200526854151844,0.2127442800708608,0.31656075940073264,0.09868969198688828,Agilent,63.0,26.47500000000001,0.23333333333333334,True,True
TCGA-02-0439,70.0,0.66,1.0,0.0,8.0,,,0.9590882344203201,OPC,0.39163723405530226,0.17686678541544953,0.18073393367073964,0.39163723405530226,0.25076204685850845,Agilent,,,,True,False
TCGA-08-0392,60.0,0.72,1.0,1.0,,,,0.1992992830188574,MES,0.9441665314091705,0.9441665314091705,0.015771114804714104,0.018905116971368797,0.021157236814746672,Agilent,,,,True,False
TCGA-06-0219,67.0,0.72,1.0,1.0,,,0.0,0.9412997460211378,AC,0.40364400039431475,0.23275778202539468,0.40364400039431475,0.24221137587144068,0.12138684170884981,RNA-seq,54.0,21.96972078297949,0.2980699528814788,True,True
TCGA-14-1043,61.0,0.79,1.0,1.0,4.0,0.0,0.0,,,,,,,,,26.0,23.541021183544263,0.23752860411899313,False,True
TCGA-41-2571,89.0,0.85,1.0,1.0,6.0,0.0,0.0,0.7344998116026137,NPC,0.605912684166163,0.08824547649105369,0.05116275830659606,0.25467908103618736,0.605912684166163,Agilent,65.0,28.85775,0.34146341463414637,True,True
TCGA-06-0750,43.0,0.92,1.0,1.0,8.0,,0.0,0.9367482627900694,MES,0.4372195836301032,0.4372195836301032,0.2037841675095385,0.20583521244573633,0.15316103641462184,Agilent,52.0,29.193649199785813,0.30909729539866526,True,True
TCGA-14-1455,61.0,0.92,1.0,1.0,,1.0,,0.7472171896117507,NPC,0.5251229263092728,0.04144954164288814,0.0773598507293764,0.35606768131846267,0.5251229263092728,Agilent,82.0,47.26538726843466,0.3644172728679771,True,True
TCGA-14-0781,49.0,0.95,1.0,1.0,,0.0,0.0,0.7283022127958191,MES,0.5285259795789778,0.5285259795789778,0.36620623089248516,0.0690492003611129,0.03621858916742408,RNA-seq,32.0,38.471361022364235,0.13421955403087477,True,True
TCGA-14-1794,59.0,0.99,1.0,1.0,,0.0,,0.9276084413165653,NPC,0.38025260263805283,0.2126440749035806,0.09671923011263048,0.31038409234573616,0.38025260263805283,Agilent,275.0,86.49180866306624,0.2388888888888889,True,True
TCGA-41-3392,88.0,0.99,1.0,1.0,,0.0,0.0,0.9662859424187326,AC,0.33763808558332303,0.13463702539721742,0.33763808558332303,0.26941793962974403,0.25830694938971555,Agilent,82.0,61.307798804093274,0.31224806201550387,True,True
TCGA-06-2557,76.0,1.08,1.0,1.0,4.0,0.0,0.0,0.9278163512607106,NPC,0.37170156337456695,0.08573536586632322,0.26698980371599845,0.2755732670431114,0.37170156337456695,Agilent,61.0,46.440264705882356,0.2982456140350877,True,True
TCGA-19-2621,83.0,1.08,1.0,1.0,,1.0,,0.8280614666123146,AC,0.5738964472092561,0.13394484092860703,0.5738964472092561,0.1632474654146093,0.1289112464475275,Agilent,198.0,76.32906128781998,0.2730932203389831,True,True
TCGA-14-1396,78.0,1.12,1.0,0.0,6.0,1.0,,0.3597920849279213,MES,0.8791853748574733,0.8791853748574733,0.05208159773801219,0.03424101874019633,0.034492008664318174,Agilent,404.0,96.7063470948012,0.18421052631578946,True,True
TCGA-14-1453,69.0,1.15,1.0,1.0,6.0,0.0,,0.9564954663816709,AC,0.34909770916265426,0.12225303122404452,0.34909770916265426,0.28582406383896375,0.2428251957743374,Agilent,72.0,46.964051993323174,0.40992318926813437,True,True
TCGA-32-1980,72.0,1.18,1.0,1.0,,0.0,0.0,0.9934527716200722,OPC,0.2741806438144318,0.26240493238357576,0.19368451055732633,0.2741806438144318,0.269729913244666,RNA-seq,21.0,52.91163043478261,0.08450704225352113,True,True
TCGA-28-1753,53.0,1.22,0.0,1.0,,0.0,0.0,0.9500335030645936,NPC,0.37754596290265485,0.16431261549384352,0.15764335965232426,0.3004980619511774,0.37754596290265485,Agilent,64.0,39.45966962235064,0.2620999219359875,True,True
TCGA-08-0352,79.0,1.28,1.0,1.0,,,,0.6107098647616381,MES,0.7380596092162494,0.7380596092162494,0.13204687992414368,0.0666140500287731,0.06327946083083381,Agilent,,,,True,False
TCGA-14-0813,78.0,1.35,1.0,1.0,6.0,1.0,0.0,0.8149389842321443,MES,0.5843138892955003,0.5843138892955003,0.11909240318422297,0.12495723414386196,0.1716364733764148,Agilent,122.0,35.011594662058364,0.3190177041690463,True,True
TCGA-14-1395,52.0,1.38,1.0,1.0,8.0,0.0,0.0,,,,,,,,,57.0,17.921538461538454,0.4375,False,True
TCGA-4W-AA9S,69.0,1.45,0.0,1.0,,0.0,,,,,,,,,,66.0,40.50171345722944,0.32028875379939215,False,True
TCGA-06-6391,44.0,1.48,1.0,0.0,,0.0,0.0,,,,,,,,,,,,False,False
TCGA-28-1755,52.0,1.54,1.0,0.0,6.0,0.0,,0.9504362023019842,AC,0.31096120260328275,0.2932228363166744,0.31096120260328275,0.10382811119179584,0.2919878498882471,Agilent,106.0,53.49085380116958,0.31676443346711947,True,True
TCGA-06-6699,58.0,1.54,0.0,0.0,,0.0,0.0,,,,,,,,,67.0,30.097894736842104,0.3958333333333333,False,True
TCGA-26-5139,65.0,1.58,0.0,0.0,6.0,0.0,0.0,0.9830006295381425,MES,0.3057385526911998,0.3057385526911998,0.30123847344149013,0.20625576077800842,0.18676721308930153,Agilent,72.0,20.889766042780753,0.3466401853690831,True,True
TCGA-81-5910,64.0,1.61,1.0,1.0,4.0,0.0,0.0,,,,,,,,,57.0,33.299037433155064,0.3793103448275862,False,True
TCGA-08-0345,71.0,1.74,1.0,0.0,6.0,,,0.9499158664920746,OPC,0.3462125059614683,0.32457624563917065,0.1251424793520521,0.3462125059614683,0.20406876904730892,Agilent,,,,True,False
TCGA-19-5955,83.0,1.77,1.0,1.0,,0.0,0.0,,,,,,,,,86.0,31.327892177467657,0.15510558674151298,False,True
TCGA-06-A5U1,78.0,1.87,1.0,0.0,,0.0,,,,,,,,,,88.0,24.26252220151259,0.313384484228474,False,True
TCGA-14-1795,66.0,1.97,1.0,1.0,6.0,1.0,,0.6241289175331413,NPC,0.7021857656550156,0.19882679891145824,0.04020690969632861,0.058780525737197664,0.7021857656550156,Agilent,502.0,81.42369202447206,0.25254251891695617,True,True
TCGA-12-5301,59.0,2.04,1.0,1.0,8.0,0.0,0.0,0.8233768463515759,OPC,0.5794255616061834,0.15050384299081074,0.14341209185994877,0.5794255616061834,0.12665850354305716,Agilent,87.0,17.877901754385967,0.3986013986013986,True,True
TCGA-14-0867,67.0,2.04,1.0,1.0,6.0,1.0,,0.8710512751243527,MES,0.52329991899906,0.52329991899906,0.11971965168450578,0.16789409007307196,0.18908633924336213,Agilent,134.0,108.10398945649428,0.2385355029585799,True,True
TCGA-06-0649,73.0,2.1,1.0,0.0,,,0.0,0.9872995959730655,AC,0.3307088820549831,0.2406523432595543,0.3307088820549831,0.22178142547508883,0.20685734921037377,Agilent,185.0,66.32684210526315,0.14285714285714285,True,True
TCGA-06-0142,81.0,2.2,1.0,1.0,,0.0,0.0,,,,,,,,,34.0,31.74039871314804,0.049475524475524474,False,True
TCGA-14-0787,69.0,2.23,1.0,1.0,6.0,1.0,0.0,0.9384767505291216,AC,0.4371390422219005,0.21205632264597965,0.4371390422219005,0.1819473107595344,0.16885732437258552,Agilent,46.0,26.837092579134577,0.39976190476190476,True,True
TCGA-06-0145,53.0,2.33,1.0,0.0,,1.0,0.0,,,,,,,,,112.0,26.820086497601473,0.3691740412979351,False,True
TCGA-26-6174,65.0,2.33,0.0,0.0,8.0,1.0,0.0,,,,,,,,,106.0,27.61024203774262,0.22534722222222223,False,True
TCGA-02-0055,62.0,2.5,1.0,0.0,8.0,0.0,0.0,0.14886935759279055,MES,0.9607589466617235,0.9607589466617235,0.0121862384277997,0.008132942898761633,0.018921872011715284,RNA-seq,74.0,37.790879290357104,0.3133870005963029,True,True
TCGA-28-1747,44.0,2.53,1.0,1.0,,0.0,0.0,0.8947469314098119,OPC,0.3788737382002004,0.0568476995663686,0.3171289173567577,0.3788737382002004,0.2471496448766733,Agilent,53.0,19.82171739130435,0.33557046979865773,True,True
TCGA-76-4934,66.0,2.53,1.0,0.0,8.0,0.0,0.0,0.8630975428368625,OPC,0.4435263640697195,0.08639163522215755,0.12235098440882307,0.4435263640697195,0.3477310162992998,Agilent,67.0,53.35271830985916,0.39603960396039606,True,True
TCGA-06-A6S1,53.0,2.56,1.0,0.0,6.0,0.0,,,,,,,,,,52.0,60.480975092843885,0.21845238095238095,False,True
TCGA-76-6193,78.0,2.69,1.0,1.0,6.0,0.0,0.0,,,,,,,,,54.0,31.621773693306025,0.2032032032032032,False,True
TCGA-06-0747,53.0,2.69,1.0,1.0,8.0,,0.0,0.9594125436431822,AC,0.3670592391680741,0.28210115559552945,0.3670592391680741,0.14441620896579563,0.20642339627060088,Agilent,89.0,21.232752179327502,0.43137254901960786,True,True
TCGA-06-0119,81.0,2.69,1.0,0.0,,0.0,0.0,,,,,,,,,84.0,32.88369542422025,0.11169945162750919,False,True
TCGA-08-0385,71.0,2.69,1.0,1.0,6.0,,,0.8492991095666258,NPC,0.5118389806177789,0.1046608249288621,0.1110772851349393,0.2724229093184197,0.5118389806177789,Agilent,,,,True,False
TCGA-06-0749,50.0,2.69,1.0,1.0,,,0.0,0.9477168003407438,OPC,0.33007890447241267,0.10318368069355789,0.30075682186428615,0.33007890447241267,0.2659805929697433,Agilent,60.0,29.891036600554898,0.23904651611657982,True,True
TCGA-06-5418,75.0,2.73,1.0,0.0,6.0,0.0,0.0,0.8913711348336629,MES,0.4626682757265101,0.4626682757265101,0.2660025587533793,0.18057174529290618,0.09075742022720454,Agilent,56.0,20.949248080014286,0.33398950131233596,True,True
TCGA-02-0033,54.0,2.83,1.0,1.0,10.0,1.0,0.0,,,,,,,,,36.0,28.14657599080877,0.18660714285714286,False,True
TCGA-28-1756,78.0,2.83,0.0,1.0,8.0,1.0,,0.6711172461392686,NPC,0.5948359362194219,0.013962911485155233,0.07738818403832777,0.3138129682570951,0.5948359362194219,Agilent,,,,True,False
TCGA-27-2526,79.0,2.86,1.0,0.0,4.0,0.0,0.0,0.7283852094009303,AC,0.6350220041334029,0.09016605792497515,0.6350220041334029,0.21053500321577892,0.06427693472584294,Agilent,62.0,24.397314284982283,0.3707293189714148,True,True
TCGA-14-0862,60.0,2.89,1.0,1.0,4.0,1.0,0.0,,,,,,,,,47.0,26.36929219600726,0.3220338983050847,False,True
TCGA-76-4928,85.0,3.09,1.0,0.0,8.0,1.0,0.0,0.9302719623582508,MES,0.40160830006846665,0.40160830006846665,0.2537739228109174,0.2439946990856639,0.10062307803495209,Agilent,91.0,40.51826086956522,0.1794871794871795,True,True
TCGA-06-A6S0,79.0,3.12,1.0,1.0,,0.0,,,,,,,,,,76.0,29.8361237127452,0.36730205278592376,False,True
TCGA-06-0413,77.0,3.15,1.0,0.0,,,,0.7445079045283446,NPC,0.5221432008592589,0.06758803864188606,0.04658506367961287,0.3636836968192422,0.5221432008592589,Agilent,,,,True,False
TCGA-06-0157,63.0,3.19,1.0,0.0,4.0,,0.0,0.8868802630133601,AC,0.38454263435464187,0.07040766697092771,0.38454263435464187,0.17806159351357753,0.366988105160853,RNA-seq,65.0,26.800846153846162,0.36619718309859156,True,True
TCGA-02-0048,80.0,3.22,1.0,1.0,,,,0.9532080677425682,AC,0.39560123939687675,0.1425176089235492,0.39560123939687675,0.2335503833236582,0.22833076835591576,Agilent,,,,True,False
TCGA-12-5299,56.0,3.22,1.0,0.0,8.0,0.0,0.0,0.9933844308764723,MES,0.29635170511764125,0.29635170511764125,0.26815125694626113,0.21259590874475048,0.22290112919134702,Agilent,46.0,24.02977990453007,0.41621195187693116,True,True
TCGA-06-0174,54.0,3.22,1.0,1.0,8.0,,0.0,0.7310265346339101,NPC,0.6043507554098775,0.08469124773485058,0.04977594188960283,0.26118205496566926,0.6043507554098775,RNA-seq,86.0,35.76895624426942,0.41137002812374446,True,True
TCGA-19-1789,69.0,3.25,1.0,0.0,6.0,0.0,,0.7602542037348244,AC,0.5657054623688162,0.0224245398730531,0.5657054623688162,0.2357443994938978,0.17612559826423288,Agilent,90.0,29.497012319348567,0.36023255813953486,True,True
TCGA-14-0812,65.0,3.25,1.0,1.0,4.0,1.0,,0.9708237888238951,AC,0.36977965416013714,0.23920206468396063,0.36977965416013714,0.2171149248513535,0.17390335630454884,Agilent,88.0,56.75953794686716,0.24674540682414697,True,True
TCGA-76-6192,74.0,3.29,1.0,1.0,8.0,0.0,0.0,,,,,,,,,64.0,39.620595079049394,0.2199546485260771,False,True
TCGA-06-0169,68.0,3.29,1.0,1.0,8.0,0.0,0.0,,,,,,,,,64.0,25.861026752441838,0.22943722943722944,False,True
TCGA-02-0456,67.0,3.35,1.0,0.0,6.0,,,0.3109013525503554,MES,0.900241153523492,0.900241153523492,0.022705458885881435,0.03428289170554663,0.042770495885080036,Agilent,,,,True,False
TCGA-08-0359,59.0,3.38,1.0,0.0,,,,0.8883112578009111,NPC,0.4846762455648069,0.12635058226354917,0.13600558027495702,0.252967591896687,0.4846762455648069,Agilent,,,,True,False
TCGA-19-0964,70.0,3.38,0.0,1.0,6.0,1.0,,0.9363505457405255,AC,0.4389537104682208,0.21605007726465375,0.4389537104682208,0.16161295990136565,0.18338325236575972,Agilent,,,,True,False
TCGA-14-4157,40.0,3.42,0.0,1.0,6.0,1.0,1.0,0.433155560945019,NPC,0.7992857902091945,0.006927547099891756,0.022193166028358437,0.17159349666255533,0.7992857902091945,Agilent,40.0,22.75243329198136,0.4072986159514089,True,True
TCGA-06-0162,47.0,3.42,1.0,0.0,6.0,,,0.976825445047342,AC,0.3510037094926801,0.21893950737031068,0.3510037094926801,0.25336046099444653,0.17669632214256276,Agilent,,,,True,False
TCGA-74-6573,67.0,3.45,1.0,1.0,10.0,1.0,0.0,,,,,,,,,55.0,52.29534545454545,0.3225806451612903,False,True
TCGA-02-0099,46.0,3.48,1.0,1.0,8.0,1.0,,,,,,,,,,,,,False,False
TCGA-06-5410,72.0,3.55,1.0,0.0,6.0,0.0,0.0,0.7433509102382152,MES,0.6239081346835955,0.6239081346835955,0.1850559880785007,0.14298540405077179,0.04805047318713203,RNA-seq,33.0,32.01068181818181,0.07971014492753623,True,True
TCGA-02-0037,74.0,3.61,1.0,0.0,8.0,1.0,,,,,,,,,,,,,False,False
TCGA-76-4929,76.0,3.65,1.0,0.0,8.0,1.0,0.0,0.9031620292742165,NPC,0.44228148654018123,0.09400983872235961,0.18677888193551892,0.2769297928019403,0.44228148654018123,Agilent,76.0,34.835208165277656,0.3790749676356361,True,True
TCGA-06-0182,76.0,3.65,1.0,1.0,6.0,,,0.9780570815252801,MES,0.319150615500295,0.319150615500295,0.27806837857753913,0.15674231671548783,0.2460386892066781,Agilent,,,,True,False
TCGA-19-1392,72.0,3.65,1.0,0.0,6.0,1.0,,0.9163208005778919,NPC,0.35847241681963976,0.214534234936196,0.0820455431120311,0.3449478051321332,0.35847241681963976,Agilent,,,,True,False
TCGA-12-0692,75.0,3.65,1.0,0.0,6.0,,0.0,0.9364436096076326,NPC,0.41926046909068587,0.2616954336660533,0.1802918474334128,0.13875224980984813,0.41926046909068587,Agilent,83.0,39.70879720279721,0.3716216216216216,True,True
TCGA-19-1788,39.0,3.68,1.0,1.0,6.0,1.0,,0.743925608708617,OPC,0.5022113947492988,0.007712617415399677,0.14584937631457862,0.5022113947492988,0.344226611520723,Agilent,,,,True,False
TCGA-32-4210,73.0,3.71,1.0,1.0,,0.0,0.0,0.696475385682246,NPC,0.6732319661500409,0.05205514833604434,0.13461955434371933,0.14009333117019543,0.6732319661500409,Agilent,94.0,64.78092357412794,0.31007219438607836,True,True
TCGA-76-6660,73.0,3.75,1.0,1.0,0.0,0.0,0.0,,,,,,,,,102.0,44.19542157165055,0.3768203883495146,False,True
TCGA-14-1401,54.0,3.75,1.0,1.0,8.0,0.0,,0.9295038695537239,OPC,0.3831913202038272,0.10935700215967438,0.18843500480198386,0.3831913202038272,0.3190166728345146,Agilent,,,,True,False
TCGA-06-5856,58.0,3.75,1.0,1.0,,0.0,0.0,0.9863000584553142,AC,0.3188464770864306,0.19689296751910693,0.3188464770864306,0.2112840141418138,0.2729765412526487,RNA-seq,68.0,92.33324519279797,0.21761204481792717,True,True
TCGA-14-3477,38.0,3.78,0.0,0.0,8.0,0.0,,0.7724601684968883,NPC,0.4707897205386002,0.03778397310199643,0.09640715908543925,0.39501914727396414,0.4707897205386002,Agilent,52.0,62.837979797360084,0.21494309981782478,True,True
TCGA-16-0846,85.0,3.91,1.0,1.0,,1.0,0.0,0.9322164492643273,OPC,0.36975673250359414,0.11376615767227066,0.18327879886246112,0.36975673250359414,0.3331983109616741,Agilent,83.0,59.25678343949045,0.3076923076923077,True,True
TCGA-19-A6J4,68.0,3.98,1.0,1.0,,0.0,,,,,,,,,,40.0,54.755488820420354,0.19700956937799044,False,True
TCGA-02-0281,78.0,3.98,1.0,0.0,,,,0.6946192033784909,NPC,0.5537574241940987,0.035395573117728854,0.04989849070991701,0.3609485119782555,0.5537574241940987,Agilent,,,,True,False
TCGA-12-1098,75.0,3.98,1.0,0.0,6.0,0.0,,0.8363756296982049,AC,0.44313405622141716,0.06429451548863063,0.44313405622141716,0.3725007169049377,0.12007071138501454,Agilent,,,,True,False
TCGA-06-0127,67.0,3.98,1.0,1.0,6.0,,,0.936957689852991,AC,0.40097127947725225,0.17117738603032925,0.40097127947725225,0.2924042360709734,0.135447098421445,Agilent,,,,True,False
TCGA-06-1087,75.0,4.04,1.0,1.0,6.0,0.0,,0.2232613904303534,NPC,0.9226034483955242,0.0655795428238215,0.0012869270272913866,0.010530081753362973,0.9226034483955242,Agilent,115.0,110.07254188144329,0.20512820512820512,True,True
TCGA-06-0175,69.0,4.04,1.0,1.0,10.0,,,0.8175846654529083,MES,0.5758553250708504,0.5758553250708504,0.1928692185641753,0.10637380085203674,0.12490165551293754,Agilent,,,,True,False
TCGA-4W-AA9R,61.0,4.07,0.0,1.0,,1.0,,,,,,,,,,96.0,39.00827606172641,0.3670614725023904,False,True
TCGA-19-2625,76.0,4.07,1.0,0.0,,0.0,0.0,0.8090549123177206,MES,0.5677988715387152,0.5677988715387152,0.2308076099723074,0.10785874141951601,0.09353477706946127,Agilent,62.0,25.313710227272722,0.2857142857142857,True,True
TCGA-12-1099,68.0,4.14,1.0,0.0,8.0,0.0,,0.7886665756741328,OPC,0.507888028574979,0.07855071216654069,0.06763763982737307,0.507888028574979,0.34592361943110733,Agilent,,,,True,False
TCGA-06-0177,64.0,4.17,1.0,1.0,6.0,,,0.7528249771714627,NPC,0.5998638670924415,0.14375985304448216,0.038982454331111034,0.21739382553196523,0.5998638670924415,Agilent,,,,True,False
TCGA-08-0246,57.0,4.17,1.0,0.0,8.0,,,0.7227769600894702,MES,0.656084733087525,0.656084733087525,0.1686874694870447,0.09866283799915948,0.07656495942627087,Agilent,,,,True,False
TCGA-08-0510,75.0,4.27,1.0,1.0,8.0,,,0.8800903384212805,AC,0.3970741569382452,0.3350794251007473,0.3970741569382452,0.2142296048118258,0.053616813149181784,Agilent,,,,True,False
TCGA-74-6577,51.0,4.34,0.0,1.0,9.0,0.0,0.0,,,,,,,,,114.0,35.32244833068362,0.11583184257602863,False,True
TCGA-02-0333,77.0,4.37,1.0,0.0,,,,0.9530908805608657,AC,0.3388206125235111,0.3353298332219827,0.3388206125235111,0.1405809972323265,0.18526855702217981,Agilent,,,,True,False
TCGA-06-2567,65.0,4.37,1.0,1.0,8.0,1.0,0.0,0.9705834749309387,AC,0.3769969885841789,0.22429216155814755,0.3769969885841789,0.20947227781381372,0.18923857204385985,Agilent,69.0,21.008502024291477,0.3584905660377358,True,True
TCGA-08-0373,69.0,4.4,1.0,1.0,,,,0.8311917484257556,MES,0.5606205400526777,0.5606205400526777,0.10293128159492378,0.19963571644264996,0.13681246190974858,Agilent,,,,True,False
TCGA-41-3393,81.0,4.43,1.0,0.0,,0.0,0.0,0.9939708343920126,MES,0.28711909154831533,0.28711909154831533,0.20400050322769697,0.2714118028318363,0.23746860239215137,Agilent,85.0,24.622685512367486,0.25,True,True
TCGA-06-0173,72.0,4.47,1.0,0.0,,,0.0,,,,,,,,,90.0,31.644455210025527,0.34065934065934067,False,True
TCGA-19-4068,68.0,4.5,0.0,0.0,8.0,0.0,0.0,0.7903350356157895,AC,0.5973478963091875,0.07752130091635998,0.5973478963091875,0.17558897181700667,0.14954183095744583,Agilent,69.0,14.781875000000005,0.38181818181818183,True,True
TCGA-76-4926,68.0,4.53,1.0,1.0,8.0,0.0,0.0,0.9426880427935433,AC,0.4048760747724959,0.13916227158530167,0.4048760747724959,0.18588986848018743,0.2700717851620151,Agilent,73.0,23.352307692307708,0.35,True,True
TCGA-06-5412,78.0,4.53,1.0,0.0,8.0,0.0,0.0,0.7811801373958532,MES,0.5143417040148687,0.5143417040148687,0.3425338447939447,0.0872228778839204,0.055901573307266104,RNA-seq,67.0,34.13881578947367,0.12121212121212122,True,True
TCGA-06-5859,63.0,4.57,0.0,1.0,4.0,0.0,0.0,0.9142479635236458,AC,0.3628224054867609,0.09248439194227494,0.3628224054867609,0.18415715189230292,0.36053605067866124,RNA-seq,50.0,30.66050998458113,0.3642506142506142,True,True
TCGA-16-1047,66.0,4.57,1.0,0.0,,0.0,,0.9154002819477747,MES,0.42196887953172113,0.42196887953172113,0.3061197995077886,0.1378951347558623,0.13401618620462802,Agilent,,,,True,False
TCGA-19-1389,51.0,4.63,1.0,1.0,8.0,0.0,,0.8208530529477527,MES,0.5599481395404291,0.5599481395404291,0.16926466151205535,0.19680387933575744,0.07398331961175805,Agilent,349.0,63.822399999999995,0.32608695652173914,True,True
TCGA-32-1982,76.0,4.66,1.0,0.0,8.0,0.0,0.0,0.8760308061500972,AC,0.4473534482966943,0.3260600267314565,0.4473534482966943,0.13524114089017175,0.09134538408167739,Agilent,93.0,27.06962566844918,0.2558139534883721,True,True
TCGA-06-0194,37.0,4.66,1.0,0.0,,,,0.7555279604695796,MES,0.6321371029498667,0.6321371029498667,0.17121323376246636,0.10737662647304992,0.08927303681461685,Agilent,,,,True,False
TCGA-28-1760,48.0,4.7,0.0,1.0,,0.0,,0.9361936672992943,AC,0.39559522460940505,0.30300617633848226,0.39559522460940505,0.1641275444639924,0.13727105458812028,Agilent,,,,True,False
TCGA-06-0410,76.0,4.7,1.0,0.0,,,,0.9072425460182765,OPC,0.4280586343033754,0.15942145950637507,0.1073484855950694,0.4280586343033754,0.30517142059518004,Agilent,,,,True,False
TCGA-19-5953,58.0,4.73,1.0,1.0,,0.0,0.0,,,,,,,,,67.0,31.69696551724138,0.22727272727272727,False,True
TCGA-02-0003,50.0,4.73,1.0,1.0,10.0,0.0,0.0,,,,,,,,,57.0,22.740689835380188,0.41203703703703703,False,True
TCGA-06-6700,76.0,4.76,0.0,1.0,10.0,0.0,0.0,,,,,,,,,65.0,24.96777943368108,0.19642857142857142,False,True
TCGA-06-6698,53.0,4.76,0.0,0.0,,0.0,0.0,,,,,,,,,44.0,109.12871221430142,0.3724957555178268,False,True
TCGA-28-2509,77.0,4.76,0.0,0.0,8.0,1.0,0.0,0.6821744521536798,MES,0.660531453368568,0.660531453368568,0.21816853866637478,0.05602308185290828,0.0652769261121489,Agilent,71.0,53.74728314238952,0.35135135135135137,True,True
TCGA-08-0521,17.0,4.8,1.0,1.0,6.0,,,0.8919272462108564,MES,0.3899149229890664,0.3899149229890664,0.3699154052589659,0.1503014466484612,0.08986822510350641,Agilent,,,,True,False
TCGA-76-4925,76.0,4.8,1.0,1.0,10.0,1.0,0.0,0.9323740219999229,AC,0.36109072450427077,0.3517659283763796,0.36109072450427077,0.14764122501303883,0.1395021221063108,Agilent,73.0,25.109171443460134,0.4318181818181818,True,True
TCGA-76-6656,66.0,4.83,1.0,1.0,6.0,1.0,0.0,,,,,,,,,111.0,27.526533490011737,0.36507936507936506,False,True
TCGA-19-2620,70.0,4.86,1.0,1.0,4.0,1.0,0.0,0.9285723777673838,AC,0.4115029938290377,0.19035152019797424,0.4115029938290377,0.2830142107389415,0.11513127523404651,Agilent,89.0,28.514663013698627,0.29411764705882354,True,True
TCGA-06-2559,83.0,4.93,1.0,1.0,6.0,0.0,0.0,0.9482359098946737,NPC,0.41679671139240415,0.21612566034460595,0.20929942642501922,0.1577782018379707,0.41679671139240415,Agilent,78.0,40.08552726201002,0.3957476918929847,True,True
TCGA-06-6701,60.0,4.96,0.0,1.0,,1.0,1.0,,,,,,,,,45.0,44.08263999999999,0.3225806451612903,False,True
TCGA-76-6657,74.0,5.03,1.0,1.0,8.0,0.0,0.0,,,,,,,,,66.0,28.97631320990273,0.33949152542372885,False,True
TCGA-27-1830,57.0,5.06,1.0,1.0,8.0,1.0,0.0,0.9387139707188683,OPC,0.4148843144355246,0.2138955916908525,0.127162751609283,0.4148843144355246,0.24405734226433987,Agilent,61.0,55.32186351706038,0.2465753424657534,True,True
TCGA-19-1790,56.0,5.06,1.0,1.0,6.0,0.0,0.0,0.17353743044567363,MES,0.9522063710015634,0.9522063710015634,0.02383786950002665,0.015620531046172215,0.008335228452237636,Agilent,103.0,35.81599726775956,0.21254355400696864,True,True
TCGA-06-5417,45.0,5.09,0.0,0.0,8.0,0.0,1.0,0.807683911550775,NPC,0.4352596053505303,0.02775999286904431,0.15673721769596585,0.38024318408445945,0.4352596053505303,Agilent,61.0,28.605458823529418,0.4358974358974359,True,True
TCGA-28-5218,63.0,5.16,1.0,1.0,,0.0,0.0,0.6330959469526581,MES,0.7233834297371498,0.7233834297371498,0.05054058557687474,0.107206440524947,0.11886954416102859,Agilent,23.0,81.9980532557619,0.38317757009345793,True,True
TCGA-06-6388,64.0,5.22,1.0,0.0,8.0,0.0,0.0,,,,,,,,,62.0,24.04076200485749,0.32835964574509047,False,True
TCGA-28-2514,45.0,5.26,0.0,1.0,6.0,0.0,0.0,0.9600964255477981,OPC,0.35962197457130507,0.13797598790222476,0.21890077130015714,0.35962197457130507,0.283501266226313,Agilent,62.0,27.770610206212254,0.35480459307010476,True,True
TCGA-06-6390,58.0,5.39,1.0,1.0,8.0,0.0,0.0,,,,,,,,,58.0,42.60761122253982,0.236106346483705,False,True
TCGA-14-0817,69.0,5.39,1.0,0.0,6.0,0.0,0.0,0.9744736681544308,MES,0.3650946385067122,0.3650946385067122,0.1834560002393473,0.2277158494720978,0.22373351178184267,Agilent,82.0,30.12118834866982,0.35805860805860806,True,True
TCGA-28-6450,60.0,5.42,1.0,1.0,,0.0,0.0,,,,,,,,,63.0,27.68099706744869,0.34375,False,True
TCGA-76-6283,71.0,5.42,1.0,0.0,0.0,0.0,0.0,,,,,,,,,109.0,41.81692307692308,0.37142857142857144,False,True
TCGA-26-5134,74.0,5.49,0.0,1.0,6.0,0.0,0.0,0.7202805469694933,OPC,0.544079441776226,0.02922186539765452,0.0765244711397448,0.544079441776226,0.3501742216863747,Agilent,62.0,13.830486202133942,0.4146986771190593,True,True
TCGA-02-0071,53.0,5.49,1.0,1.0,8.0,1.0,,,,,,,,,,,,,False,False
TCGA-06-0197,65.0,5.55,1.0,0.0,,,,,,,,,,,,,,,False,False
TCGA-06-0877,78.0,5.65,1.0,1.0,,1.0,0.0,0.8080604398765262,MES,0.5077912656049478,0.5077912656049478,0.3279867631295972,0.08009521002125726,0.08412676124419777,Agilent,85.0,26.88230769230769,0.32558139534883723,True,True
TCGA-06-0645,55.0,5.75,1.0,0.0,,,0.0,0.7459125713619393,MES,0.6465193864195652,0.6465193864195652,0.12594010370763287,0.09402572899930622,0.13351478087349564,Agilent,77.0,43.42242718446602,0.2608695652173913,True,True
TCGA-06-0646,60.0,5.75,1.0,1.0,8.0,,0.0,0.9669871369622394,MES,0.3399982332996226,0.3399982332996226,0.14108859777495603,0.23316118192380592,0.2857519870016155,Agilent,43.0,32.37587429492345,0.35978835978835977,True,True
TCGA-12-1089,64.0,5.81,1.0,1.0,,0.0,,0.8679009898836895,NPC,0.35436580723685834,0.03570088794332991,0.35352893886765996,0.25640436595215177,0.35436580723685834,Agilent,169.0,86.61505263157895,0.24050632911392406,True,True
TCGA-06-0166,51.0,5.85,1.0,1.0,,,0.0,,,,,,,,,42.0,52.52950465099595,0.23240589198036007,False,True
TCGA-06-0156,57.0,5.85,1.0,1.0,,,,0.8857632588254669,NPC,0.4240258368064751,0.33007414813331687,0.07759007429907987,0.1683099407611281,0.4240258368064751,RNA-seq,,,,True,False
TCGA-14-1827,51.0,5.88,1.0,1.0,10.0,0.0,,0.8755972115282188,OPC,0.4267753710268956,0.07137150405316786,0.3393421957739774,0.4267753710268956,0.162510929145959,Agilent,70.0,54.41329934171388,0.27493668420027273,True,True
TCGA-OX-A56R,68.0,5.91,1.0,1.0,,1.0,,,,,,,,,,45.0,25.6865062217968,0.4303030303030303,False,True
TCGA-06-2564,50.0,5.95,0.0,1.0,10.0,1.0,0.0,0.9895680648727941,AC,0.31566302260558354,0.2027036490662385,0.31566302260558354,0.2225962751274234,0.2590370532007546,Agilent,77.0,25.493260377358496,0.3303964757709251,True,True
TCGA-19-1387,81.0,5.95,0.0,1.0,6.0,1.0,,0.8672713003844253,OPC,0.472629114806621,0.12476426639007472,0.09684323659641977,0.472629114806621,0.3057633822068844,Agilent,131.0,79.7135096153846,0.25742574257425743,True,True
TCGA-06-2566,23.0,5.98,1.0,0.0,8.0,0.0,,0.8233852917666091,AC,0.5341963400971221,0.1424088416633463,0.5341963400971221,0.2572191813220899,0.0661756369174417,Agilent,288.0,76.83970125147499,0.295083585625905,True,True
TCGA-02-0060,66.0,6.01,1.0,0.0,8.0,1.0,,,,,,,,,,,,,False,False
TCGA-06-0122,84.0,6.14,1.0,0.0,,0.0,0.0,,,,,,,,,98.0,23.485570294033042,0.3192966903073286,False,True
TCGA-06-5858,45.0,6.14,0.0,0.0,10.0,0.0,0.0,0.9549127619802346,MES,0.381713435103625,0.381713435103625,0.156075040497327,0.2809000867492188,0.18131143764982938,RNA-seq,243.0,23.912903225806463,0.6739130434782609,True,True
TCGA-14-0783,36.0,6.21,1.0,0.0,8.0,1.0,,0.8099315556891249,MES,0.5156290859830426,0.5156290859830426,0.31039150238771773,0.11100651106712274,0.06297290056211696,Agilent,,,,True,False
TCGA-RR-A6KA,72.0,6.27,1.0,0.0,,1.0,,,,,,,,,,67.0,36.80446813495782,0.23655913978494625,False,True
TCGA-16-1460,36.0,6.41,0.0,0.0,,0.0,,0.8030481222184357,OPC,0.4247432673002201,0.05303556530028676,0.09965543988480155,0.4247432673002201,0.4225657275146915,Agilent,138.0,89.67188754180603,0.2222222222222222,True,True
TCGA-02-0054,44.0,6.54,1.0,0.0,8.0,0.0,,,,,,,,,,,,,False,False
TCGA-19-5947,47.0,6.64,1.0,0.0,4.0,0.0,0.0,,,,,,,,,30.0,35.67171279554659,0.22917043522303826,False,True
TCGA-14-1458,54.0,6.67,1.0,1.0,8.0,1.0,,0.6968169275960878,NPC,0.5393760239869319,0.011777691791313402,0.08730365622801041,0.36154262799374437,0.5393760239869319,Agilent,226.0,80.35168414064358,0.2451271186440678,True,True
TCGA-06-5416,23.0,6.7,0.0,0.0,8.0,0.0,,0.7784282742967814,NPC,0.48347171480216433,0.07578906561717662,0.05774252411676656,0.38299669546389237,0.48347171480216433,Agilent,,,,True,False
TCGA-28-2506,63.0,6.73,0.0,0.0,8.0,1.0,,0.6222617389888544,AC,0.6994393420679231,0.025660156171555516,0.6994393420679231,0.1972658663243133,0.07763463543620795,Agilent,410.0,60.74214842951375,0.3768939393939394,True,True
TCGA-12-1602,58.0,6.77,1.0,1.0,6.0,1.0,,0.9325011745930035,OPC,0.3693538778463947,0.13787134340157242,0.1501101181085641,0.3693538778463947,0.3426646606434688,Agilent,57.0,51.89100000000001,0.37037037037037035,True,True
TCGA-06-1086,42.0,6.83,1.0,1.0,8.0,0.0,,0.8019434423925248,MES,0.5214173214666226,0.5214173214666226,0.07363750297031235,0.08960201909895033,0.31534315646411465,Agilent,,,,True,False
TCGA-02-0046,61.0,6.87,1.0,1.0,6.0,1.0,,,,,,,,,,,,,False,False
TCGA-06-0126,86.0,6.93,1.0,1.0,6.0,0.0,0.0,,,,,,,,,71.0,16.95624277456647,0.358974358974359,False,True
TCGA-19-2631,74.0,7.0,1.0,0.0,6.0,0.0,0.0,0.932975843804599,AC,0.4255729607332961,0.26418483643426705,0.4255729607332961,0.15419272597784195,0.156049476854595,Agilent,91.0,28.467935429056915,0.36065573770491804,True,True
TCGA-19-4065,36.0,7.03,0.0,1.0,,0.0,,0.6960614649477981,MES,0.6759086244750855,0.6759086244750855,0.1643637741779511,0.08470428262629996,0.07502331872066345,RNA-seq,56.0,56.71264832214766,0.23154623154623155,True,True
TCGA-14-1452,60.0,7.1,1.0,1.0,8.0,0.0,,0.880084044073422,MES,0.4424863913039814,0.4424863913039814,0.3301053763396434,0.12443779203033287,0.10297044032604256,Agilent,,,,True,False
TCGA-26-1443,60.0,7.13,0.0,0.0,6.0,1.0,,0.8181990670996391,MES,0.4941666192681057,0.4941666192681057,0.3353623349538513,0.08090763292247143,0.08956341285557173,Agilent,,,,True,False
TCGA-14-1829,57.0,7.16,0.0,1.0,6.0,0.0,0.0,0.8893568965382962,OPC,0.44045936173550404,0.22825971972113834,0.26298343638336336,0.44045936173550404,0.06829748215999419,Agilent,70.0,33.57868743300973,0.2829861111111111,True,True
TCGA-19-1786,64.0,7.16,0.0,0.0,4.0,1.0,,0.9233670440406657,AC,0.3254118528628276,0.07368242738218306,0.3254118528628276,0.3007907123984553,0.3001150073565341,Agilent,78.0,66.05469570965862,0.2801869158878505,True,True
TCGA-06-0878,74.0,7.16,0.0,1.0,8.0,0.0,0.0,0.6750656468292638,MES,0.6929398718929722,0.6929398718929722,0.15362659770477047,0.07426609386033325,0.07916743654192399,Agilent,57.0,26.425960406266142,0.3257261410788382,True,True
TCGA-08-0524,17.0,7.26,1.0,0.0,8.0,,,0.6451655679854297,NPC,0.492076810723283,0.027826371104594707,0.023394276542022172,0.45670254163009993,0.492076810723283,Agilent,,,,True,False
TCGA-28-2513,69.0,7.29,0.0,0.0,8.0,0.0,0.0,0.7591565996815015,MES,0.5916913227432006,0.5916913227432006,0.24533422996485746,0.11165935517676757,0.051315092115174356,Agilent,96.0,27.393227857533155,0.11929057337220603,True,True
TCGA-02-0326,82.0,7.33,1.0,0.0,8.0,,,0.9959469800523175,NPC,0.29232305840586276,0.2190581745694557,0.24908120692673474,0.23953756009794677,0.29232305840586276,Agilent,,,,True,False
TCGA-32-2616,48.0,7.36,1.0,0.0,,0.0,,0.9592331299451414,MES,0.3896077407849497,0.3896077407849497,0.25437587464926836,0.18324832968712898,0.1727680548786531,Agilent,,,,True,False
TCGA-06-6694,76.0,7.36,1.0,0.0,,1.0,0.0,,,,,,,,,110.0,60.235357507660844,0.32600732600732596,False,True
TCGA-06-0210,72.0,7.39,1.0,0.0,,0.0,0.0,0.5892183432633614,MES,0.740460991961175,0.740460991961175,0.15734812121135683,0.05648819950307831,0.04570268732438988,RNA-seq,156.0,38.58320094016412,0.21521083074859587,True,True
TCGA-06-0195,63.0,7.39,1.0,1.0,10.0,,0.0,,,,,,,,,88.0,35.3146714422514,0.38623523369286084,False,True
TCGA-74-6584,55.0,7.49,0.0,0.0,8.0,0.0,0.0,,,,,,,,,40.0,37.220883279171865,0.2866903246859194,False,True
TCGA-19-2623,65.0,7.52,0.0,1.0,8.0,0.0,0.0,0.8390514513307776,MES,0.5556595763385642,0.5556595763385642,0.15224619311103843,0.10475071654988773,0.1873435140005096,Agilent,94.0,41.61686791071676,0.32565945817490494,True,True
TCGA-08-0531,64.0,7.56,1.0,1.0,8.0,,,0.9234271762789706,AC,0.4346030439585647,0.27003246847781154,0.4346030439585647,0.15622040338693052,0.13914408417669333,Agilent,,,,True,False
TCGA-12-0654,48.0,7.59,1.0,0.0,,,,0.8831719076264416,MES,0.4607867065977047,0.4607867065977047,0.301113290735569,0.12901206977763194,0.10908793288909434,Agilent,,,,True,False
TCGA-12-1090,58.0,7.59,1.0,1.0,6.0,0.0,,0.908277549977146,MES,0.43409299922059025,0.43409299922059025,0.27352793786113583,0.0928754897420683,0.19950357317620554,Agilent,,,,True,False
TCGA-27-2524,56.0,7.59,1.0,1.0,8.0,0.0,0.0,0.7995954246095118,MES,0.5466827544916838,0.5466827544916838,0.28168063789961445,0.08545773022538412,0.08617887738331763,Agilent,57.0,34.74570247933882,0.34146341463414637,True,True
TCGA-14-1825,70.0,7.62,1.0,1.0,8.0,0.0,0.0,0.5859921689487314,OPC,0.6770263729307265,0.0104403847121956,0.04985805475373474,0.6770263729307265,0.2626751876033432,Agilent,64.0,24.384351477728117,0.403326762803887,True,True
TCGA-06-0209,76.0,7.62,1.0,1.0,,,0.0,,,,,,,,,,,,False,False
TCGA-28-1751,61.0,7.62,0.0,0.0,8.0,1.0,,0.8438383526830575,MES,0.49449878664810937,0.49449878664810937,0.2677019814963238,0.1839423102307199,0.053856921624846905,Agilent,142.0,85.95651734250175,0.22570754716981134,True,True
TCGA-12-0775,75.0,7.62,1.0,0.0,6.0,,,0.7521329205234393,MES,0.6381968571198432,0.6381968571198432,0.15923405900377247,0.1073423155024185,0.09522676837396578,Agilent,269.0,75.9603703703704,0.2571428571428571,True,True
TCGA-06-0206,40.0,7.65,1.0,1.0,,,,,,,,,,,,,,,False,False
TCGA-08-0511,69.0,7.72,1.0,1.0,8.0,,,0.9238026985097161,MES,0.4141195336766356,0.4141195336766356,0.3021516798784638,0.1374416956235259,0.14628709082137462,Agilent,,,,True,False
TCGA-02-0324,69.0,7.72,1.0,0.0,8.0,,,0.9825143877619827,MES,0.3015998058961931,0.3015998058961931,0.269452449794808,0.16153350610650297,0.26741423820249594,Agilent,,,,True,False
TCGA-06-6389,49.0,7.79,0.0,0.0,10.0,1.0,1.0,,,,,,,,,49.0,57.81816993464052,0.16071428571428573,False,True
TCGA-06-0745,59.0,7.85,1.0,1.0,8.0,,0.0,0.9861998993168376,OPC,0.3296090472455743,0.21238988286761867,0.2036022806729531,0.3296090472455743,0.25439878921385384,Agilent,59.0,32.23043478260868,0.4107142857142857,True,True
TCGA-26-6173,57.0,7.92,0.0,1.0,8.0,0.0,0.0,,,,,,,,,38.0,22.55868043183293,0.2644230769230769,False,True
TCGA-14-2555,44.0,7.95,0.0,0.0,8.0,1.0,,0.5829309818446041,MES,0.7356745942637456,0.7356745942637456,0.17150533813588462,0.06162591605762338,0.031194151542746382,Agilent,,,,True,False
TCGA-19-5951,76.0,8.02,1.0,0.0,8.0,1.0,0.0,,,,,,,,,84.0,17.99218122059845,0.4172945108480145,False,True
TCGA-74-6581,77.0,8.21,0.0,1.0,10.0,0.0,,,,,,,,,,52.0,16.891099078003805,0.41797161732321997,False,True
TCGA-06-6695,64.0,8.31,0.0,1.0,4.0,0.0,0.0,,,,,,,,,65.0,25.615128205128197,0.37168141592920356,False,True
TCGA-02-0058,28.0,8.34,1.0,0.0,8.0,1.0,,,,,,,,,,,,,False,False
TCGA-76-6285,64.0,8.34,1.0,0.0,8.0,0.0,0.0,,,,,,,,,66.0,36.44326758649467,0.4095904095904096,False,True
TCGA-28-1750,40.0,8.34,0.0,0.0,6.0,0.0,,0.9715296115819869,NPC,0.34944440373465285,0.27970898248755965,0.16690164161874513,0.20394497215904242,0.34944440373465285,Agilent,116.0,65.34048848002335,0.24244897959183673,True,True
TCGA-06-5411,51.0,8.34,1.0,1.0,8.0,0.0,0.0,0.7126717622049801,NPC,0.6248770709254772,0.06627769473269952,0.05954791331300696,0.24929732102881627,0.6248770709254772,RNA-seq,41.0,29.277110174593624,0.2558139534883721,True,True
TCGA-08-0353,58.0,8.41,1.0,1.0,8.0,,,0.9781200865600315,NPC,0.31615599157292806,0.24103029305158244,0.1575237225574317,0.2852899928180578,0.31615599157292806,Agilent,,,,True,False
TCGA-06-0208,52.0,8.41,1.0,0.0,8.0,,,,,,,,,,,,,,False,False
TCGA-08-0346,69.0,8.41,1.0,1.0,8.0,,,0.780630678961445,MES,0.6129904111971418,0.6129904111971418,0.16431868256206011,0.13075545119525453,0.09193545504554348,Agilent,,,,True,False
TCGA-28-1752,42.0,8.48,0.0,0.0,8.0,1.0,,0.9280781839632094,AC,0.3891983993477993,0.12095199825768158,0.3891983993477993,0.3229586298446595,0.16689097254985963,Agilent,116.0,76.0168186737242,0.13650389186391415,True,True
TCGA-06-5415,60.0,8.54,0.0,1.0,10.0,0.0,0.0,0.8900163469675362,OPC,0.3652098650295786,0.057296711417038015,0.35481351263231137,0.3652098650295786,0.22267991092107203,Agilent,60.0,33.467532325844516,0.3558201058201058,True,True
TCGA-19-0960,83.0,8.61,0.0,0.0,6.0,1.0,,0.4560024948680851,OPC,0.7892099859735772,0.005322699023011502,0.03408333799703442,0.7892099859735772,0.171383977006377,Agilent,,,,True,False
TCGA-06-0149,74.0,8.61,1.0,0.0,8.0,,,0.766266261111749,MES,0.6115342524080285,0.6115342524080285,0.20457100052228225,0.07852703919581347,0.10536770787387574,Agilent,,,,True,False
TCGA-02-0086,45.0,8.8,1.0,0.0,10.0,0.0,,,,,,,,,,,,,False,False
TCGA-06-5413,67.0,8.8,0.0,1.0,6.0,0.0,0.0,0.9338945149486255,OPC,0.3491014111839297,0.10578705267805724,0.2010734591112886,0.3491014111839297,0.34403807702672434,RNA-seq,56.0,30.740345628249464,0.30490088608751253,True,True
TCGA-32-2632,80.0,8.84,1.0,1.0,,0.0,0.0,0.8152851424224591,AC,0.5778853539224696,0.15442539501377497,0.5778853539224696,0.17597910304223746,0.09171014802151789,Agilent,115.0,51.766759776536325,0.2608695652173913,True,True
TCGA-26-5135,72.0,8.87,1.0,0.0,,0.0,0.0,0.8855386986378008,NPC,0.4668083494260165,0.10264823542260701,0.1456305147372096,0.284912900414167,0.4668083494260165,Agilent,74.0,14.386363932783922,0.3709392057218144,True,True
TCGA-12-0828,57.0,8.94,1.0,1.0,6.0,0.0,,0.9967509311053476,AC,0.28739108852947987,0.24775331116822477,0.28739108852947987,0.24386022380637726,0.2209953764959182,Agilent,128.0,69.16622758785562,0.28,True,True
TCGA-41-2573,59.0,8.94,0.0,1.0,6.0,0.0,0.0,0.7389414073931202,NPC,0.5830848200534288,0.04619324032269006,0.08529129801965597,0.28543064160422515,0.5830848200534288,Agilent,55.0,56.86415394824156,0.31654676258992803,True,True
TCGA-06-5414,61.0,8.97,0.0,1.0,8.0,0.0,0.0,0.863191803163281,AC,0.46018139095303384,0.3028189756339901,0.46018139095303384,0.1747059751159515,0.06229365829702449,Agilent,42.0,27.939953445539338,0.3239344262295082,True,True
TCGA-06-0397,57.0,9.0,1.0,0.0,,,,0.7797398750425186,MES,0.6079496598306405,0.6079496598306405,0.1630350602312464,0.15360085682786928,0.07541442311024361,Agilent,,,,True,False
TCGA-19-1386,51.0,9.07,1.0,1.0,8.0,1.0,,0.8404484131168551,AC,0.5014724869148203,0.06415805119052403,0.5014724869148203,0.2833797298745124,0.15098973202014326,Agilent,189.0,77.04522471910111,0.2807017543859649,True,True
TCGA-12-1096,55.0,9.1,1.0,1.0,8.0,1.0,,0.9533422989912411,OPC,0.4037656325739114,0.17326974334721587,0.17769999590729996,0.4037656325739114,0.24526462817157277,Agilent,,,,True,False
TCGA-16-1060,70.0,9.13,1.0,0.0,,0.0,,0.9205821186798556,MES,0.45795335191813563,0.45795335191813563,0.18414960715232964,0.13929840621876347,0.21859863471077134,Agilent,,,,True,False
TCGA-76-4931,70.0,9.17,1.0,0.0,8.0,0.0,0.0,0.9143922859453957,NPC,0.4215103943726584,0.08909300970132233,0.22984656965607522,0.2595500262699441,0.4215103943726584,Agilent,58.0,27.498478784842675,0.42027632561613143,True,True
TCGA-28-1749,73.0,9.2,0.0,1.0,8.0,0.0,,0.8243474310424553,AC,0.49051366500390453,0.032578709331946495,0.49051366500390453,0.25940634954179587,0.21750127612235304,Agilent,55.0,31.20863761794553,0.3565217391304348,True,True
TCGA-02-0446,61.0,9.26,1.0,1.0,8.0,,,0.9266536174337884,OPC,0.42001315571060543,0.21134439815072528,0.10908936322867141,0.42001315571060543,0.25955308290999785,Agilent,,,,True,False
TCGA-26-1799,68.0,9.36,1.0,1.0,6.0,0.0,,0.8658940764977502,NPC,0.46735122204084395,0.07565704092636139,0.15352757482319843,0.30346416220959616,0.46735122204084395,Agilent,93.0,71.69151315789475,0.2926829268292683,True,True
TCGA-26-5132,74.0,9.4,0.0,1.0,6.0,1.0,0.0,0.8665551756964083,MES,0.49417808742695873,0.49417808742695873,0.2656917751522884,0.08889170870875741,0.15123842871199533,Agilent,65.0,32.33577624135764,0.37719298245614036,True,True
TCGA-06-0159,74.0,9.43,1.0,1.0,9.0,,,,,,,,,,,,,,False,False
TCGA-41-2575,75.0,9.53,1.0,1.0,6.0,0.0,0.0,0.8470359907477965,OPC,0.501011953768085,0.057954275834760274,0.19150895803586526,0.501011953768085,0.24952481236128937,Agilent,75.0,31.299333333333326,0.41284403669724773,True,True
TCGA-02-0059,68.0,9.56,1.0,0.0,8.0,,,0.35370146470126546,MES,0.8826454084205148,0.8826454084205148,0.03697301108235052,0.042428307822932214,0.037953272674202496,Agilent,,,,True,False
TCGA-06-0412,56.0,9.56,1.0,0.0,,,,0.7351248525554889,MES,0.6401667921460497,0.6401667921460497,0.1909618741122857,0.08333741347123746,0.08553392027042721,Agilent,,,,True,False
TCGA-19-2619,55.0,9.66,0.0,0.0,4.0,1.0,0.0,0.9006297021248387,AC,0.47420526846736083,0.11381173591409376,0.47420526846736083,0.17913718274216187,0.23284581287638362,Agilent,70.0,35.68196008869181,0.3942307692307693,True,True
TCGA-26-1440,48.0,9.72,0.0,1.0,8.0,0.0,,0.952421214381809,AC,0.39239558298947824,0.23109137131266225,0.39239558298947824,0.13717223041175772,0.23934081528610177,Agilent,,,,True,False
TCGA-12-0776,52.0,9.72,1.0,1.0,8.0,,,0.674657389591681,MES,0.7008290263128671,0.7008290263128671,0.11853117002648648,0.08095908564321506,0.09968071801743125,Agilent,,,,True,False
TCGA-06-0648,77.0,9.79,1.0,1.0,8.0,,0.0,0.7380709692187359,NPC,0.6184992673999316,0.09745688283530493,0.056424209915515944,0.2276196398492476,0.6184992673999316,Agilent,80.0,21.51497272547761,0.3990740740740741,True,True
TCGA-08-0349,46.0,9.79,1.0,1.0,,,,0.9688656829578598,AC,0.3249653368684194,0.15228049423866322,0.3249653368684194,0.21000352279804005,0.3127506460948774,Agilent,,,,True,False
TCGA-27-1832,59.0,9.86,1.0,0.0,10.0,0.0,0.0,0.8539141766472768,MES,0.4904308755688085,0.4904308755688085,0.2875248398439876,0.1473144458051084,0.07472983878209542,Agilent,44.0,28.329894036424506,0.23625709798236078,True,True
TCGA-02-0321,74.0,9.89,1.0,1.0,8.0,,,0.9038801656239394,MES,0.399990659569858,0.399990659569858,0.09345762665256671,0.1661023629889614,0.3404493507886138,Agilent,,,,True,False
TCGA-26-1438,36.0,10.02,0.0,1.0,10.0,0.0,,0.9719734445379375,MES,0.35389222950132515,0.35389222950132515,0.1941842977251045,0.177183774110429,0.27473969866314135,Agilent,,,,True,False
TCGA-06-0148,76.0,10.09,1.0,1.0,,0.0,,,,,,,,,,,,,False,False
TCGA-02-0074,68.0,10.18,1.0,0.0,8.0,0.0,,,,,,,,,,,,,False,False
TCGA-16-1055,48.0,10.28,1.0,1.0,,1.0,,0.9784840540139167,MES,0.322848973235619,0.322848973235619,0.2564705808420933,0.15757342466631902,0.26310702125596863,Agilent,,,,True,False
TCGA-06-0141,62.0,10.28,1.0,1.0,8.0,0.0,0.0,0.9178383167884737,AC,0.37394844993269066,0.33015748002837875,0.37394844993269066,0.2098727809710753,0.08602128906785528,RNA-seq,23.0,35.94181818181818,0.08,True,True
TCGA-06-0190,62.0,10.41,1.0,1.0,8.0,0.0,0.0,0.6617433412405559,MES,0.7079932788702179,0.7079932788702179,0.1276350812365015,0.07523822645031913,0.08913341344296144,RNA-seq,208.0,63.72363381359171,0.19074371321562333,True,True
TCGA-12-0620,57.0,10.45,1.0,1.0,10.0,,,0.746383447565597,MES,0.6377803896340978,0.6377803896340978,0.16975899679167733,0.11514118298844112,0.0773194305857838,Agilent,,,,True,False
TCGA-06-0155,61.0,10.45,1.0,1.0,8.0,0.0,0.0,0.7345002480537457,MES,0.6518481209090143,0.6518481209090143,0.11513082975104501,0.08173427142834516,0.15128677791159548,Agilent,84.0,27.62686595639753,0.334733893557423,True,True
TCGA-12-0653,65.0,10.51,1.0,1.0,6.0,,,,,,,,,,,,,,False,False
TCGA-02-0039,54.0,10.51,1.0,1.0,6.0,,,0.49311930649266383,MES,0.8090116257488101,0.8090116257488101,0.09897494179471117,0.04791815093385495,0.044095281522623715,Agilent,,,,True,False
TCGA-02-0430,67.0,10.55,1.0,0.0,10.0,,,0.9974584154752162,MES,0.27609547833556053,0.27609547833556053,0.25201032542177676,0.21782491586150957,0.2540692803811532,Agilent,,,,True,False
TCGA-02-0009,61.0,10.58,1.0,0.0,8.0,1.0,,,,,,,,,,,,,False,False
TCGA-02-0338,41.0,10.58,1.0,1.0,8.0,,,0.6248075951752866,NPC,0.6603616661287592,0.03438740062729222,0.037656791216644434,0.26759414202730397,0.6603616661287592,Agilent,,,,True,False
TCGA-12-0821,62.0,10.61,1.0,1.0,6.0,0.0,0.0,0.9453729818414078,NPC,0.36414819860122455,0.3040113151955964,0.21598796391031252,0.11585252229286658,0.36414819860122455,Agilent,86.0,22.84467385088083,0.42333863556026863,True,True
TCGA-02-0325,61.0,10.61,1.0,1.0,8.0,,,0.8749055867272254,OPC,0.4570794012224064,0.11882611346203714,0.10570398126234812,0.4570794012224064,0.31839050405320835,Agilent,,,,True,False
TCGA-06-0165,52.0,10.64,1.0,1.0,9.0,,0.0,,,,,,,,,,,,False,False
TCGA-02-0038,48.0,10.71,1.0,0.0,8.0,0.0,,,,,,,,,,,,,False,False
TCGA-19-1385,69.0,10.74,1.0,1.0,,0.0,,0.8442304293309411,MES,0.4691772021537795,0.4691772021537795,0.31445725204992264,0.16351892124204556,0.05284662455425233,Agilent,247.0,69.11967741935484,0.302158273381295,True,True
TCGA-02-0269,68.0,10.74,1.0,1.0,,,,0.8879049317036579,AC,0.5043468941695202,0.1475597086393701,0.5043468941695202,0.14375333136046337,0.2043400658306464,Agilent,,,,True,False
TCGA-08-0520,70.0,10.74,1.0,1.0,,,,0.9440630061211148,AC,0.3780936563580249,0.31219537151611276,0.3780936563580249,0.15060115886525105,0.15910981326061135,Agilent,,,,True,False
TCGA-06-0158,73.0,10.81,1.0,1.0,8.0,,0.0,0.9857026844785013,OPC,0.3188823164592227,0.19260308498707254,0.27470656094983564,0.3188823164592227,0.21380803760386904,RNA-seq,69.0,31.06400000000001,0.3333333333333333,True,True
TCGA-06-0394,51.0,10.81,1.0,1.0,,,,0.9088823058753629,MES,0.4407615325070957,0.4407615325070957,0.2795271561316938,0.17241387739177835,0.10729743396943205,Agilent,,,,True,False
TCGA-32-4719,73.0,10.84,1.0,1.0,,0.0,0.0,0.939081262004801,MES,0.3976127143713887,0.3976127143713887,0.28695499274677927,0.18760708378321805,0.12782520909861392,Agilent,57.0,37.947499999999984,0.35,True,True
TCGA-12-3650,46.0,10.94,1.0,1.0,8.0,1.0,0.0,0.7950511243108331,NPC,0.5184730640912146,0.0296751686130676,0.16817917032185914,0.2836725969738587,0.5184730640912146,Agilent,62.0,25.905793625584003,0.4024193548387097,True,True
TCGA-28-5215,62.0,11.01,1.0,0.0,9.0,0.0,0.0,0.7689557988682619,OPC,0.5328203162754704,0.052015102874928845,0.08601698076088973,0.5328203162754704,0.3291476000887109,Agilent,48.0,23.38899187522405,0.33080040526849036,True,True
TCGA-08-0514,69.0,11.07,1.0,0.0,4.0,,,0.8303725961981836,MES,0.4387968719387377,0.4387968719387377,0.376706635193568,0.13208685153064953,0.05240964133704488,Agilent,,,,True,False
TCGA-14-0789,54.0,11.24,1.0,1.0,4.0,1.0,0.0,0.3708233946107574,MES,0.8708198265894604,0.8708198265894604,0.07004185969165062,0.03450151106395998,0.02463680265492881,Agilent,89.0,16.659683257918545,0.24299065420560748,True,True
TCGA-28-2512,37.0,11.27,1.0,1.0,9.0,0.0,,,,,,,,,,,,,False,False
TCGA-28-5207,71.0,11.27,1.0,1.0,7.0,0.0,0.0,0.8335828037789436,NPC,0.4987254460087607,0.0492503536183901,0.1743970247862493,0.27762717558659994,0.4987254460087607,Agilent,62.0,26.0065014782574,0.3318042813455657,True,True
TCGA-28-1745,76.0,11.33,0.0,1.0,6.0,0.0,,0.8939154601469361,MES,0.4374318447819169,0.4374318447819169,0.3135693420246562,0.14908882040108312,0.09990999279234379,Agilent,,,,True,False
TCGA-02-0440,62.0,11.33,1.0,1.0,8.0,,,0.8680529687511391,NPC,0.4300351694100601,0.12922141795620729,0.08419852844553166,0.356544884188201,0.4300351694100601,Agilent,,,,True,False
TCGA-02-0004,59.0,11.33,1.0,1.0,8.0,,,0.5601700366511964,MES,0.7756369048495562,0.7756369048495562,0.08745571022937194,0.07553197591122611,0.0613754090098458,Agilent,,,,True,False
TCGA-76-6280,57.0,11.37,1.0,1.0,8.0,0.0,0.0,,,,,,,,,63.0,32.661660899653995,0.3695652173913043,False,True
TCGA-06-0167,44.0,11.4,1.0,1.0,9.0,,0.0,,,,,,,,,,,,False,False
TCGA-27-1838,59.0,11.5,1.0,0.0,8.0,0.0,0.0,0.9526866641036575,MES,0.339944106093902,0.339944106093902,0.33889743080136864,0.15517642197262982,0.1659820411320996,Agilent,118.0,69.3461074084364,0.27875056999544,True,True
TCGA-02-0106,54.0,11.66,1.0,1.0,8.0,,,0.5319094926616823,MES,0.7907791861465735,0.7907791861465735,0.08846574730820406,0.07065966800855404,0.05009539853666833,Agilent,,,,True,False
TCGA-06-0143,58.0,11.73,1.0,1.0,6.0,0.0,,,,,,,,,,,,,False,False
TCGA-06-5408,54.0,11.73,1.0,0.0,8.0,0.0,0.0,0.9548486623261564,NPC,0.348627052936203,0.32570515581731585,0.16733255012379186,0.1583352411226892,0.348627052936203,RNA-seq,67.0,49.04560606060605,0.3548387096774194,True,True
TCGA-28-5211,42.0,11.76,0.0,1.0,10.0,0.0,0.0,,,,,,,,,558.0,21.180000000000003,0.1,False,True
TCGA-19-0955,71.0,11.76,0.0,1.0,,0.0,,0.8207816369391218,AC,0.48787905407361615,0.3254618885200659,0.48787905407361615,0.13606606677910407,0.05059299062721396,Agilent,,,,True,False
TCGA-02-0001,44.0,11.76,1.0,0.0,8.0,0.0,,,,,,,,,,,,,False,False
TCGA-06-0160,56.0,11.79,1.0,0.0,,,,,,,,,,,,,,,False,False
TCGA-06-1801,56.0,11.83,1.0,0.0,8.0,0.0,,0.7037696029882266,OPC,0.6056811155707456,0.026215849299566437,0.09349961732503394,0.6056811155707456,0.274603417804654,Agilent,336.0,57.90176090765783,0.310727969348659,True,True
TCGA-41-3915,48.0,11.83,1.0,1.0,,0.0,0.0,0.8958783883715651,MES,0.48355686846723916,0.48355686846723916,0.13782456210999017,0.2380553315716707,0.14056323785110003,Agilent,46.0,67.52572882991724,0.2542698055507472,True,True
TCGA-06-0211,47.0,11.83,1.0,1.0,10.0,1.0,0.0,0.935974468240338,AC,0.35961950701972983,0.10151768943989738,0.35961950701972983,0.21989143657800167,0.31897136696237105,RNA-seq,147.0,35.91391304347826,0.3442622950819672,True,True
TCGA-06-0139,40.0,11.89,1.0,1.0,6.0,0.0,0.0,,,,,,,,,,,,False,False
TCGA-14-0740,70.0,11.96,1.0,1.0,6.0,1.0,0.0,,,,,,,,,58.0,55.56981451797572,0.33251269035532993,False,True
TCGA-19-5954,72.0,12.09,1.0,0.0,6.0,0.0,0.0,,,,,,,,,89.0,22.169031296572264,0.3707865168539326,False,True
TCGA-12-0691,63.0,12.12,1.0,1.0,10.0,,,0.922296272725854,NPC,0.3707367958304549,0.08650481658408654,0.32040568107200773,0.2223527065134508,0.3707367958304549,Agilent,72.0,40.43962714154151,0.3412157462790374,True,True
TCGA-08-0348,63.0,12.16,1.0,1.0,8.0,,,0.8688160781325952,OPC,0.41479501972207306,0.08346952735047049,0.12911078027348422,0.41479501972207306,0.37262467265397226,Agilent,,,,True,False
TCGA-02-0027,33.0,12.16,1.0,0.0,10.0,0.0,,,,,,,,,,,,,False,False
TCGA-32-2491,63.0,12.22,1.0,1.0,,0.0,0.0,0.7898715646383686,MES,0.5650093651359085,0.5650093651359085,0.2637233925852936,0.0859541198318499,0.08531312244694803,Agilent,90.0,36.48231615404987,0.2289273219026823,True,True
TCGA-02-0317,40.0,12.22,1.0,1.0,8.0,,,0.9143761301628939,AC,0.45497499429234733,0.25297780479814735,0.45497499429234733,0.15270072353159325,0.13934647737791203,Agilent,,,,True,False
TCGA-08-0375,51.0,12.22,1.0,0.0,10.0,,,0.9323778013466001,NPC,0.3989918266111296,0.1379650136768148,0.3066030762380326,0.15644008347402297,0.3989918266111296,Agilent,,,,True,False
TCGA-12-1094,56.0,12.22,1.0,1.0,10.0,0.0,,0.8565383727356656,MES,0.46350586563058266,0.46350586563058266,0.33257290532054695,0.11044572141942102,0.09347550762944931,Agilent,,,,True,False
TCGA-06-0152,68.0,12.32,1.0,1.0,,1.0,0.0,0.9216147424174204,MES,0.3837733346359171,0.3837733346359171,0.3438502734511537,0.13821683757185402,0.13415955434107507,Agilent,71.0,32.26344086021506,0.3298429319371728,True,True
TCGA-02-0339,67.0,12.39,1.0,1.0,8.0,,,0.6555575030327341,OPC,0.5402028037587734,0.016221461038641857,0.046430609253696846,0.5402028037587734,0.39714512594888796,Agilent,,,,True,False
TCGA-14-1459,63.0,12.42,1.0,0.0,10.0,1.0,,0.9719999809967282,MES,0.34210262320400925,0.34210262320400925,0.27312967303125235,0.23182773849040494,0.15293996527433337,Agilent,,,,True,False
TCGA-41-6646,73.0,12.45,1.0,0.0,,0.0,0.0,,,,,,,,,63.0,24.215799999999998,0.3187250996015936,False,True
TCGA-06-2558,75.0,12.48,1.0,0.0,6.0,0.0,0.0,0.8040101341106926,NPC,0.46702469192762486,0.042897438696943235,0.12145639237511849,0.3686214770003134,0.46702469192762486,Agilent,98.0,24.912606601310745,0.34693979266347685,True,True
TCGA-06-2562,81.0,12.55,1.0,1.0,8.0,0.0,0.0,0.8657536589807449,MES,0.47724942399794806,0.47724942399794806,0.30216406584114347,0.11952056492343847,0.10106594523747002,Agilent,74.0,17.971088150208338,0.34334968451252423,True,True
TCGA-08-0509,63.0,12.55,1.0,1.0,6.0,,,0.8315698536926944,MES,0.5583535569711324,0.5583535569711324,0.20751206146084358,0.10555736202831377,0.12857701953971026,Agilent,,,,True,False
TCGA-02-0052,49.0,12.58,1.0,1.0,8.0,0.0,,,,,,,,,,,,,False,False
TCGA-32-4211,56.0,12.58,1.0,1.0,,0.0,0.0,0.9587024039797671,MES,0.34808734191419743,0.34808734191419743,0.19460451928686218,0.3126602666949173,0.144647872104023,Agilent,82.0,73.01241923901127,0.21248416217928412,True,True
TCGA-06-0644,71.0,12.61,1.0,1.0,8.0,,0.0,0.5288538649117265,MES,0.7867222830583024,0.7867222830583024,0.11119801162831287,0.06435501481943944,0.037724690493945445,Agilent,66.0,36.2773900018921,0.2804465069609934,True,True
TCGA-02-0084,36.0,12.61,1.0,0.0,8.0,,,0.9566554319744995,NPC,0.34742974308223445,0.12036690012374358,0.2777260354074577,0.25447732138656426,0.34742974308223445,Agilent,,,,True,False
TCGA-19-1787,48.0,12.65,1.0,1.0,8.0,1.0,,0.9683836242248024,MES,0.3743431508698849,0.3743431508698849,0.22579435137084694,0.23167378570158448,0.1681887120576837,Agilent,801.0,28.84411238825033,0.6639344262295082,True,True
TCGA-32-1986,68.0,12.68,1.0,1.0,2.0,1.0,0.0,0.8137221990415738,MES,0.5480601053730291,0.5480601053730291,0.253315086086114,0.12744926351261054,0.07117554502824648,Agilent,57.0,25.109321266968323,0.25870646766169153,True,True
TCGA-12-3651,77.0,12.68,1.0,1.0,8.0,1.0,,0.8313665843615295,OPC,0.41647838750116406,0.02293328189299093,0.22279068905441415,0.41647838750116406,0.3377976415514308,Agilent,140.0,44.079503238341964,0.24871134020618557,True,True
TCGA-28-5220,67.0,12.75,1.0,1.0,9.0,0.0,0.0,0.8249943542080225,AC,0.5222366096536066,0.05726019393753987,0.5222366096536066,0.2662652940461876,0.1542379023626659,Agilent,43.0,21.733323657474607,0.3979591836734694,True,True
TCGA-06-6697,65.0,12.84,0.0,1.0,8.0,0.0,0.0,,,,,,,,,74.0,34.76953473073703,0.20809943865276664,False,True
TCGA-02-2470,57.0,12.91,1.0,1.0,6.0,0.0,0.0,0.9281180248951343,MES,0.43906587383823575,0.43906587383823575,0.2010153355744583,0.1291781009594524,0.23074068962785366,Agilent,71.0,25.50269585911472,0.2412280701754386,True,True
TCGA-06-0130,54.0,12.94,1.0,1.0,8.0,0.0,0.0,0.35169019188311545,MES,0.8786147956291224,0.8786147956291224,0.01672919790566608,0.03916813563936941,0.06548787082584209,RNA-seq,35.0,38.46979591836734,0.19444444444444445,True,True
TCGA-19-1388,58.0,12.94,1.0,1.0,,1.0,,0.9610352669751637,OPC,0.32455697776542686,0.12166841949719995,0.2669019372768384,0.32455697776542686,0.2868726654605348,Agilent,188.0,68.4424908202424,0.2562051282051282,True,True
TCGA-12-0618,49.0,12.98,1.0,1.0,6.0,,0.0,0.6893872389444127,NPC,0.6773662173688425,0.0984010023624905,0.05822928479984184,0.16600349546882515,0.6773662173688425,Agilent,54.0,21.180452490513765,0.42832080200501255,True,True
TCGA-06-0171,65.0,13.11,1.0,1.0,10.0,0.0,0.0,0.5552657759041293,MES,0.7769961650551763,0.7769961650551763,0.07836824690361162,0.09257996377704097,0.05205562426417115,RNA-seq,111.0,74.96633846153846,0.16182572614107885,True,True
TCGA-15-1449,65.0,13.27,1.0,1.0,6.0,0.0,,0.5418058169662551,NPC,0.7801968993297479,0.037222808244748155,0.07750927397860707,0.10507101844689691,0.7801968993297479,Agilent,,,,True,False
TCGA-06-0238,46.0,13.3,1.0,1.0,8.0,,0.0,0.7697214068135255,NPC,0.4640207979561207,0.05521864385505966,0.069557122927678,0.41120343526114167,0.4640207979561207,Agilent,51.0,79.17365506329114,0.25806451612903225,True,True
TCGA-41-2572,67.0,13.34,1.0,1.0,,0.0,0.0,0.8598762690074624,AC,0.5028615534017475,0.25427874087019814,0.5028615534017475,0.1620961083582448,0.08076359736980955,Agilent,70.0,25.94711475374068,0.3440364277320799,True,True
TCGA-06-1804,81.0,13.6,1.0,0.0,,1.0,0.0,0.8871645082878339,AC,0.425262572617073,0.06693873777963272,0.425262572617073,0.20160310662918718,0.306195582974107,RNA-seq,104.0,23.617076967279615,0.35965765415288853,True,True
TCGA-28-5216,52.0,13.63,0.0,1.0,8.0,0.0,0.0,0.8539893278697713,OPC,0.5284516414928558,0.1637660093615463,0.09214038943375888,0.5284516414928558,0.21564195971183903,Agilent,63.0,54.17192307692307,0.36363636363636365,True,True
TCGA-06-0237,75.0,13.63,1.0,0.0,,,0.0,,,,,,,,,54.0,30.471576390259653,0.40341561423650973,False,True
TCGA-15-0742,65.0,13.76,1.0,1.0,8.0,,0.0,0.9600694597936259,NPC,0.3226116014889084,0.11928865814281488,0.2802401846475902,0.27785955572068655,0.3226116014889084,Agilent,85.0,27.311052631578946,0.4222222222222222,True,True
TCGA-14-0790,64.0,13.76,1.0,0.0,6.0,1.0,0.0,0.6860909373076785,AC,0.6677264354718787,0.03347011532384676,0.6677264354718787,0.1562794178703185,0.1425240313339559,Agilent,81.0,20.430265486725677,0.42,True,True
TCGA-02-0285,50.0,13.86,1.0,0.0,,,,0.9674102081723867,MES,0.38289665288948643,0.38289665288948643,0.2278597405189263,0.18431739044619488,0.20492621614539241,Agilent,,,,True,False
TCGA-26-1439,63.0,13.86,1.0,1.0,,0.0,0.0,0.9370509928580226,AC,0.38410642473463663,0.2750917949090961,0.38410642473463663,0.23686973821523158,0.10393204214103567,Agilent,53.0,56.02451612903225,0.3076923076923077,True,True
TCGA-06-0154,54.0,13.93,1.0,1.0,10.0,,0.0,,,,,,,,,69.0,24.709999999999994,0.3,False,True
TCGA-16-1063,72.0,13.96,1.0,1.0,,0.0,,0.9211451980219966,OPC,0.3545337168590297,0.083725524522049,0.3378652320216367,0.3545337168590297,0.22387552659728482,Agilent,,,,True,False
TCGA-08-0390,69.0,13.96,1.0,1.0,6.0,,,0.8808011913068288,MES,0.4829877515364274,0.4829877515364274,0.25031254339354203,0.17689906327466157,0.08980064179536894,Agilent,,,,True,False
TCGA-16-1056,55.0,13.99,1.0,1.0,,1.0,,0.919412415906301,AC,0.45435374653722044,0.145178396762197,0.45435374653722044,0.16015145931901142,0.24031639738157104,Agilent,,,,True,False
TCGA-27-1837,36.0,14.03,1.0,1.0,8.0,1.0,0.0,0.8900831316481932,OPC,0.3543909716098255,0.04776838771698101,0.28221965631535195,0.3543909716098255,0.3156209843578415,Agilent,51.0,27.666498599439795,0.35251798561151076,True,True
TCGA-19-5958,56.0,14.06,1.0,1.0,8.0,0.0,0.0,,,,,,,,,52.0,16.719080096741227,0.33744660212285704,False,True
TCGA-02-0034,60.0,14.13,1.0,1.0,8.0,0.0,,,,,,,,,,,,,False,False
TCGA-06-0686,53.0,14.19,1.0,1.0,,,0.0,0.7970935138049838,OPC,0.4492871984508988,0.07914501192700772,0.06565865431909705,0.4492871984508988,0.4059091353029964,Agilent,79.0,44.478,0.35714285714285715,True,True
TCGA-02-0289,57.0,14.19,1.0,1.0,8.0,,,0.9263627123863266,AC,0.44047462556487066,0.16508000169589557,0.44047462556487066,0.1438080288726628,0.250637343866571,Agilent,,,,True,False
TCGA-19-0963,61.0,14.26,1.0,1.0,,1.0,,0.9936467055841535,NPC,0.2906914147995078,0.2449009095457776,0.20061037588550606,0.26379729976920857,0.2906914147995078,Agilent,,,,True,False
TCGA-06-0133,64.0,14.29,1.0,1.0,,0.0,,,,,,,,,,,,,False,False
TCGA-74-6578,58.0,14.32,0.0,1.0,10.0,0.0,0.0,,,,,,,,,75.0,22.63829508196721,0.32710280373831774,False,True
TCGA-27-2527,81.0,14.39,1.0,1.0,8.0,0.0,0.0,0.9458686418273826,MES,0.32412176877047244,0.32412176877047244,0.28969846588970205,0.2872514894801563,0.09892827585966914,Agilent,73.0,33.33443181818181,0.14659685863874344,True,True
TCGA-02-0271,26.0,14.45,1.0,1.0,,,,0.9077315837955847,MES,0.4526380446160739,0.4526380446160739,0.1578423244499054,0.120482978096554,0.26903665283746675,Agilent,,,,True,False
TCGA-02-0422,50.0,14.49,1.0,1.0,8.0,,,0.9718788758707352,AC,0.34484217853864696,0.23463939647676654,0.34484217853864696,0.26744832619044795,0.15307009879413844,Agilent,,,,True,False
TCGA-28-5209,66.0,14.52,0.0,0.0,,0.0,0.0,0.9768687036830869,AC,0.3539923630137319,0.234825435175771,0.3539923630137319,0.1767364444495715,0.23444575736092557,Agilent,105.0,23.671764705882357,0.40476190476190477,True,True
TCGA-12-1097,61.0,14.52,1.0,1.0,10.0,0.0,,0.9916764671649151,OPC,0.31309456034433947,0.225177440071387,0.2487969537329072,0.31309456034433947,0.21293104585136624,Agilent,,,,True,False
TCGA-12-3653,34.0,14.52,1.0,0.0,8.0,0.0,0.0,0.7312006812646279,AC,0.6549277000352698,0.08940490940009621,0.6549277000352698,0.15381011318786866,0.1018572773767653,Agilent,31.0,72.18942408376964,0.30985915492957744,True,True
TCGA-06-A7TK,64.0,14.59,1.0,1.0,7.0,1.0,,,,,,,,,,65.0,37.2038202247191,0.3,False,True
TCGA-02-0047,78.0,14.72,1.0,1.0,8.0,0.0,0.0,0.9447305030828083,OPC,0.36555114000049926,0.11939033352756326,0.20525659973812257,0.36555114000049926,0.30980192673381485,RNA-seq,80.0,58.65884639389461,0.24554981337927073,True,True
TCGA-12-0616,36.0,14.72,1.0,0.0,10.0,,0.0,0.9315260648258907,NPC,0.3768333318190874,0.16056269321257557,0.12847756252215678,0.3341264124461802,0.3768333318190874,Agilent,53.0,38.67652173913044,0.35294117647058826,True,True
TCGA-12-1600,86.0,14.72,1.0,1.0,8.0,0.0,,0.828491769896167,AC,0.5055102173609486,0.054260195901521,0.5055102173609486,0.2871853610027054,0.15304422573482493,Agilent,82.0,30.08873831310922,0.3840336134453781,True,True
TCGA-26-5133,59.0,14.85,0.0,1.0,8.0,0.0,0.0,0.8738013254151278,OPC,0.40554197442794704,0.05996227234860926,0.18044204742537576,0.40554197442794704,0.35405370579806794,Agilent,52.0,105.61752110005156,0.15439814814814817,True,True
TCGA-32-1987,49.0,14.85,1.0,0.0,,1.0,,0.8984899851959607,MES,0.46480087918489366,0.46480087918489366,0.26460938399592526,0.11329752139916756,0.15729221542001345,Agilent,,,,True,False
TCGA-12-0780,51.0,14.85,1.0,0.0,8.0,,,0.9866315108113478,AC,0.31242305290168265,0.20631328507594848,0.31242305290168265,0.19997961784315735,0.2812840441792114,Agilent,,,,True,False
TCGA-28-5204,72.0,14.91,1.0,1.0,8.0,0.0,0.0,0.8679470916058598,OPC,0.4214150995480772,0.048715074267542964,0.3209813475613747,0.4214150995480772,0.20888847862300516,Agilent,54.0,21.843048628067574,0.39348544620961723,True,True
TCGA-12-5295,60.0,14.91,1.0,0.0,,0.0,0.0,0.8062543397328631,AC,0.5019851521602895,0.08967233567216418,0.5019851521602895,0.33662333903361286,0.07171917313393344,Agilent,86.0,23.111471516312346,0.33556246385193755,True,True
TCGA-12-0778,53.0,14.91,1.0,1.0,8.0,,,0.6388137030497564,MES,0.6880021096924642,0.6880021096924642,0.21161729006041644,0.05599302661779654,0.0443875736293229,Agilent,416.0,79.04343383933664,0.29061583577712613,True,True
TCGA-08-0380,74.0,14.91,1.0,0.0,8.0,,,0.9698837654705856,AC,0.37408378441212603,0.21877200580804484,0.37408378441212603,0.17572211406785793,0.23142209571197128,Agilent,,,,True,False
TCGA-19-5960,56.0,14.95,1.0,1.0,8.0,0.0,0.0,0.6764068058596411,NPC,0.6559025942334481,0.016979225408207465,0.15546568794763888,0.17165249241070563,0.6559025942334481,RNA-seq,47.0,25.813125000000003,0.43243243243243246,True,True
TCGA-32-2495,59.0,15.01,1.0,0.0,,0.0,0.0,0.9310182817777437,AC,0.40701365303150555,0.28837855772157334,0.40701365303150555,0.18490006331797312,0.11970772592894804,Agilent,84.0,43.70343565753842,0.35029876227059326,True,True
TCGA-06-0214,66.0,15.01,1.0,1.0,10.0,,0.0,,,,,,,,,99.0,70.76045454545452,0.23076923076923078,False,True
TCGA-12-0769,52.0,15.05,1.0,1.0,10.0,,,0.8817538673978448,MES,0.4704503438486053,0.4704503438486053,0.28938473695899436,0.11445134982829425,0.12571356936410605,Agilent,,,,True,False
TCGA-02-0051,43.0,15.08,1.0,1.0,10.0,,,0.09558716457323849,MES,0.9773270277245844,0.9773270277245844,0.006084866450947323,0.01019698799258486,0.006391117831883286,Agilent,,,,True,False
TCGA-41-5651,59.0,15.11,1.0,0.0,,1.0,0.0,0.5207917575909894,NPC,0.709556990505603,0.015955423738605565,0.01480130485799631,0.2596862808977953,0.709556990505603,RNA-seq,112.0,32.29193155262856,0.37390778330420754,True,True
TCGA-14-0736,49.0,15.11,1.0,1.0,10.0,0.0,,0.8885389213296484,MES,0.479019078114454,0.479019078114454,0.26130375954609064,0.11544716762108491,0.14422999471837045,Agilent,77.0,78.53103896103896,0.18803418803418803,True,True
TCGA-12-3649,76.0,15.21,1.0,1.0,8.0,0.0,0.0,0.7250972123836557,AC,0.6275250274110856,0.05661623689594193,0.6275250274110856,0.22855741898724471,0.08730131670572787,Agilent,89.0,23.33722222222221,0.34615384615384615,True,True
TCGA-06-1802,61.0,15.31,1.0,1.0,8.0,1.0,,0.9560382455891243,NPC,0.40273192029720717,0.19369226887767949,0.17069803219835927,0.23287777862675407,0.40273192029720717,Agilent,660.0,79.97781192911947,0.42424242424242425,True,True
TCGA-06-1806,47.0,15.31,1.0,1.0,9.0,0.0,0.0,,,,,,,,,36.0,53.2742244224942,0.2363319703165228,False,True
TCGA-02-2483,43.0,15.31,0.0,1.0,8.0,1.0,1.0,0.558584242803625,NPC,0.7498352166367692,0.04823333976226498,0.03256028103136682,0.16937116256959886,0.7498352166367692,Agilent,66.0,108.6304282974643,0.2575301204819277,True,True
TCGA-12-0615,78.0,15.34,1.0,0.0,6.0,,0.0,0.9064190429686033,AC,0.39746300884666996,0.3499982416905943,0.39746300884666996,0.13107077851121293,0.12146797095152284,Agilent,79.0,23.341350276457458,0.3885350318471338,True,True
TCGA-08-0389,59.0,15.34,1.0,1.0,8.0,,,0.7168265525656032,NPC,0.670745322420498,0.10083169017304358,0.1253531793322579,0.10306980807420048,0.670745322420498,Agilent,,,,True,False
TCGA-32-1970,59.0,15.37,1.0,1.0,,0.0,0.0,0.879644584981017,AC,0.41934846625926403,0.05130648646164183,0.41934846625926403,0.28097727092099506,0.24836777635809923,Agilent,91.0,42.407954716981145,0.352112676056338,True,True
TCGA-08-0360,76.0,15.37,1.0,1.0,8.0,,,0.47532315904992073,MES,0.8234908962546134,0.8234908962546134,0.06679321008574607,0.058524563599530455,0.051191330060110195,Agilent,,,,True,False
TCGA-06-0189,55.0,15.41,1.0,1.0,,,0.0,,,,,,,,,30.0,28.8929068848917,0.07855223644697329,False,True
TCGA-02-2485,53.0,15.44,0.0,1.0,8.0,0.0,0.0,0.7329950350568796,NPC,0.6406967473227305,0.07365372615449718,0.19177372915442115,0.09387579736835101,0.6406967473227305,Agilent,68.0,30.328278105274546,0.37417898193760263,True,True
TCGA-02-0115,52.0,15.64,1.0,1.0,8.0,0.0,,,,,,,,,,,,,False,False
TCGA-12-1598,75.0,15.64,1.0,0.0,,1.0,,0.9654951655337192,NPC,0.36348145254875347,0.2118174537403708,0.15403679816429244,0.2706642955465833,0.36348145254875347,Agilent,88.0,100.3568956579982,0.2392628205128205,True,True
TCGA-27-2528,62.0,15.77,1.0,1.0,8.0,0.0,0.0,0.9080619359268868,AC,0.46663561251043867,0.15656122310676535,0.46663561251043867,0.2430748537063517,0.1337283106764445,Agilent,60.0,27.896754175214053,0.32754893368390303,True,True
TCGA-32-1978,57.0,15.83,1.0,1.0,,1.0,,0.8134038005442275,AC,0.5811742705343471,0.09362408922718074,0.5811742705343471,0.1689666369527318,0.15623500328574041,Agilent,,,,True,False
TCGA-12-1095,65.0,15.83,1.0,0.0,10.0,1.0,,0.9881566465083914,NPC,0.286605134147751,0.17590977858268822,0.2608903168593145,0.27659477041024627,0.286605134147751,Agilent,,,,True,False
TCGA-02-0330,51.0,15.9,1.0,0.0,8.0,,,0.9967895700397087,MES,0.28167825955274955,0.28167825955274955,0.2545796421696021,0.21566186384463065,0.24808023443301755,Agilent,,,,True,False
TCGA-14-1034,60.0,15.93,1.0,0.0,6.0,0.0,0.0,0.8315115224853843,MES,0.4196260238896834,0.4196260238896834,0.40391107532328063,0.11160214131691529,0.0648607594701207,Agilent,201.0,36.267123287671225,0.330188679245283,True,True
TCGA-02-0290,49.0,15.93,1.0,1.0,8.0,,,0.7357371520349665,MES,0.6089010087205162,0.6089010087205162,0.24991925734202217,0.0848936736919318,0.056286060245529686,Agilent,,,,True,False
TCGA-32-2615,62.0,15.93,1.0,1.0,8.0,0.0,0.0,0.8620088055870965,MES,0.4902088950785112,0.4902088950785112,0.2863065148019227,0.12790081495882782,0.09558377516073835,Agilent,43.0,36.034462465245596,0.3939393939393939,True,True
TCGA-12-1093,66.0,15.97,1.0,0.0,8.0,0.0,,0.7073567773178464,MES,0.6726031519081608,0.6726031519081608,0.14954511226964623,0.09681874056920728,0.0810329952529858,Agilent,119.0,87.12960869565218,0.11501597444089456,True,True
TCGA-08-0525,52.0,15.97,1.0,1.0,8.0,,,0.8774186058293599,MES,0.5112079123587617,0.5112079123587617,0.20902374923049172,0.16384152561636575,0.1159268127943808,Agilent,,,,True,False
TCGA-27-2523,63.0,16.06,1.0,1.0,8.0,1.0,0.0,0.923857901184676,OPC,0.34970018022652316,0.0830142715462132,0.2358626797781949,0.34970018022652316,0.33142286844906876,Agilent,56.0,17.04518870775589,0.42243867243867245,True,True
TCGA-02-0451,62.0,16.2,1.0,0.0,8.0,,,0.9941670088271719,OPC,0.29102112777660577,0.2662762313663212,0.23589512676790367,0.29102112777660577,0.20680751408916925,Agilent,,,,True,False
TCGA-16-0850,52.0,16.36,1.0,0.0,,0.0,,0.534709034528655,NPC,0.7582836516752278,0.03891369848434645,0.028071391569929105,0.17473125827049654,0.7582836516752278,Agilent,68.0,41.006549174442654,0.2488450522036404,True,True
TCGA-14-0865,67.0,16.49,1.0,1.0,6.0,1.0,,0.6889501151579638,NPC,0.48117318730785513,0.014570632409376389,0.06628861956188865,0.43796756072087983,0.48117318730785513,Agilent,86.0,100.41500188762566,0.2560163850486431,True,True
TCGA-02-0258,36.0,16.52,1.0,0.0,,,,0.6160501497035713,NPC,0.6551386448483464,0.009549204310889951,0.0658905996822863,0.26942155115847727,0.6551386448483464,Agilent,,,,True,False
TCGA-06-0881,50.0,16.56,1.0,1.0,8.0,0.0,0.0,0.46096907847076785,MES,0.8278859774437171,0.8278859774437171,0.06322748011974581,0.07606591781686667,0.03282062461967055,Agilent,26.0,37.3294298468413,0.05859077040427155,True,True
TCGA-27-1831,66.0,16.59,1.0,1.0,8.0,0.0,0.0,0.8537232370392022,AC,0.46698479802184983,0.3113575215159811,0.46698479802184983,0.1603915023126321,0.06126617814953691,Agilent,60.0,26.4239534758149,0.3162940507768094,True,True
TCGA-06-2565,59.0,16.62,1.0,1.0,10.0,1.0,0.0,0.9688866780579923,AC,0.358297168518137,0.1746328634515752,0.358297168518137,0.2783547754336363,0.1887151925966514,Agilent,62.0,38.037270500554776,0.3950428396572827,True,True
TCGA-76-6191,57.0,16.69,1.0,1.0,8.0,0.0,0.0,,,,,,,,,66.0,15.282965361108316,0.40719940094137785,False,True
TCGA-27-2521,34.0,16.75,1.0,1.0,8.0,1.0,1.0,0.7946612774463553,OPC,0.474471954863419,0.030702202572764195,0.13791684192810358,0.474471954863419,0.35690900063571324,Agilent,77.0,97.8309833351727,0.30597014925373134,True,True
TCGA-02-2466,61.0,16.79,1.0,1.0,8.0,0.0,,0.7626054294035709,NPC,0.4767239254563427,0.04355359360742764,0.07934664441161961,0.4003758365246101,0.4767239254563427,Agilent,130.0,102.11148908037171,0.20708600617723927,True,True
TCGA-19-5959,77.0,16.79,1.0,0.0,8.0,1.0,0.0,,,,,,,,,101.0,22.74443181818182,0.39285714285714285,False,True
TCGA-32-1991,60.0,16.92,1.0,1.0,,0.0,0.0,0.8973437604336213,MES,0.4832720286170214,0.4832720286170214,0.21091903444303406,0.19175766246192263,0.11405127447802178,Agilent,66.0,30.870775211298277,0.3437397842432167,True,True
TCGA-02-0260,54.0,16.92,1.0,1.0,,,,0.9725631526270268,NPC,0.3666217901361922,0.1997569925360043,0.24710927289153503,0.1865119444362684,0.3666217901361922,Agilent,,,,True,False
TCGA-02-0089,52.0,16.95,1.0,1.0,10.0,0.0,,,,,,,,,,,,,False,False
TCGA-76-6282,63.0,17.05,1.0,1.0,8.0,0.0,0.0,,,,,,,,,55.0,31.586904629113203,0.25287356321839083,False,True
TCGA-19-5950,52.0,17.18,1.0,0.0,10.0,1.0,0.0,,,,,,,,,73.0,41.29030303030304,0.33,False,True
TCGA-14-2554,52.0,17.48,1.0,0.0,6.0,0.0,0.0,0.9559104786195487,MES,0.3365525628327463,0.3365525628327463,0.3358046280522362,0.15504702687298175,0.17259578224203576,Agilent,91.0,28.891692307692328,0.296137339055794,True,True
TCGA-76-4927,58.0,17.58,1.0,1.0,8.0,0.0,0.0,0.947765916607357,OPC,0.3963062987941368,0.1335352190187438,0.2592765321083596,0.3963062987941368,0.21088195007875976,Agilent,70.0,34.368968853745855,0.2709709584943288,True,True
TCGA-16-0848,57.0,17.58,1.0,1.0,,0.0,,0.9872331345518001,NPC,0.31507402856430555,0.25121156989797644,0.18309939266297595,0.25061500887474203,0.31507402856430555,Agilent,492.0,61.77737596153845,0.2962962962962963,True,True
TCGA-02-0107,56.0,17.64,1.0,1.0,8.0,0.0,,,,,,,,,,,,,False,False
TCGA-06-2561,53.0,17.64,1.0,0.0,8.0,1.0,0.0,0.9444634882395512,AC,0.42102894875234703,0.18583244497475268,0.42102894875234703,0.2340275146452771,0.1591110916276231,Agilent,41.0,21.56889830508474,0.2727272727272727,True,True
TCGA-06-A7TL,30.0,17.71,0.0,0.0,10.0,1.0,,,,,,,,,,34.0,26.478466884915637,0.33687943262411346,False,True
TCGA-81-5911,33.0,17.71,0.0,1.0,,0.0,0.0,,,,,,,,,33.0,34.97002173913043,0.3108108108108108,False,True
TCGA-02-0266,14.0,17.71,1.0,1.0,,,,0.9243833968562392,MES,0.4367314545458968,0.4367314545458968,0.23634767498514161,0.11703147816566974,0.20988939230329184,Agilent,,,,True,False
TCGA-06-0147,51.0,17.77,1.0,0.0,,0.0,,,,,,,,,,,,,False,False
TCGA-14-1821,31.0,17.77,1.0,1.0,8.0,1.0,,0.5546134336800015,NPC,0.5929654069720239,0.004549849114209179,0.016266761002117786,0.3862179829116491,0.5929654069720239,Agilent,26.0,31.147102932117335,0.42882822154814065,True,True
TCGA-19-A60I,39.0,17.77,0.0,1.0,,1.0,,,,,,,,,,38.0,51.4555659025788,0.37107921318447634,False,True
TCGA-14-1823,58.0,17.84,1.0,0.0,8.0,0.0,0.0,0.8210628667628654,MES,0.5580914010989544,0.5580914010989544,0.21165728478279297,0.15438782766476003,0.07586348645349267,Agilent,71.0,64.86375,0.16666666666666666,True,True
TCGA-28-5208,52.0,17.87,1.0,1.0,7.0,1.0,0.0,0.9531689660080293,AC,0.3680352195540432,0.12454308387889691,0.3680352195540432,0.2756649905485591,0.2317567060185008,Agilent,74.0,14.977081430089898,0.3987691960252936,True,True
TCGA-08-0354,52.0,17.94,1.0,0.0,6.0,,,0.7917747063942894,MES,0.5918701287981094,0.5918701287981094,0.20786262049637216,0.09593725772762922,0.10432999297788927,Agilent,,,,True,False
TCGA-08-0386,74.0,18.0,1.0,1.0,8.0,,0.0,0.9569620074955328,NPC,0.347422139206769,0.3121096781981632,0.20442949051908008,0.13603869207598773,0.347422139206769,Agilent,19.0,62.41091911764705,0.11428571428571428,True,True
TCGA-27-2519,48.0,18.07,1.0,1.0,8.0,0.0,0.0,0.981980897498347,NPC,0.3377393323225839,0.19045153524943612,0.26054710557011845,0.21126202685786152,0.3377393323225839,Agilent,48.0,30.409299221435877,0.29404971865289325,True,True
TCGA-02-0043,54.0,18.3,1.0,0.0,8.0,1.0,,,,,,,,,,,,,False,False
TCGA-02-0006,56.0,18.33,1.0,0.0,8.0,0.0,,,,,,,,,,,,,False,False
TCGA-08-0529,56.0,18.4,1.0,0.0,8.0,,,0.9821102010566739,AC,0.3353741645541258,0.2511015919903437,0.3353741645541258,0.1791696264795226,0.23435461697600785,Agilent,,,,True,False
TCGA-12-0820,40.0,18.46,1.0,1.0,10.0,1.0,,0.6879245684430076,NPC,0.6790299608202666,0.08548020359406878,0.16911560334709339,0.06637423223857129,0.6790299608202666,Agilent,103.0,67.85444444444444,0.27586206896551724,True,True
TCGA-76-6663,44.0,18.63,1.0,0.0,8.0,1.0,0.0,,,,,,,,,70.0,24.79724889189392,0.25290697674418605,False,True
TCGA-19-5952,62.0,18.89,1.0,1.0,6.0,1.0,0.0,,,,,,,,,48.0,21.70413651238897,0.3205503512880562,False,True
TCGA-26-5136,78.0,18.96,1.0,0.0,,0.0,0.0,0.9842555709072318,NPC,0.34234776919761867,0.20676233474351174,0.2297276886946813,0.22116220736418832,0.34234776919761867,Agilent,62.0,22.316290281254318,0.35634920634920636,True,True
TCGA-15-1446,55.0,19.09,0.0,1.0,8.0,0.0,,0.9102583797042039,AC,0.34525276244479547,0.0679160102727378,0.34525276244479547,0.24662421969926016,0.34020700758320654,Agilent,243.0,100.94893504531721,0.12307692307692308,True,True
TCGA-32-5222,66.0,19.22,1.0,1.0,,1.0,0.0,0.936078518830024,AC,0.41210357493454536,0.1975535735692536,0.41210357493454536,0.2653325302059124,0.1250103212902886,Agilent,88.0,31.49191072759788,0.3274294670846395,True,True
TCGA-14-1037,66.0,19.28,1.0,0.0,6.0,0.0,,0.9687426907488188,MES,0.34250251776992074,0.34250251776992074,0.14241383832553234,0.2482323755661839,0.26685126833836303,Agilent,70.0,39.79315410061316,0.3314263920671243,True,True
TCGA-08-0518,60.0,19.32,1.0,0.0,8.0,,,0.8041333259734016,MES,0.4567522031323966,0.4567522031323966,0.3851796065888772,0.10917181861235857,0.048896371666367726,Agilent,,,,True,False
TCGA-26-A7UX,47.0,19.32,0.0,1.0,,1.0,,,,,,,,,,42.0,23.32460477941176,0.421978021978022,False,True
TCGA-06-0150,45.0,19.45,1.0,1.0,,,,,,,,,,,,,,,False,False
TCGA-32-1979,69.0,19.48,1.0,0.0,,0.0,0.0,,,,,,,,,85.0,25.739583333333325,0.2857142857142857,False,True
TCGA-08-0516,14.0,19.58,1.0,1.0,,,,0.8183468423231235,AC,0.5686623463430159,0.09194496248533852,0.5686623463430159,0.13310842598484277,0.2062842651868028,Agilent,,,,True,False
TCGA-06-0168,59.0,19.65,1.0,0.0,10.0,,0.0,0.9411384849228559,MES,0.38563823410319115,0.38563823410319115,0.3038213387694861,0.1333019767368525,0.1772384503904702,RNA-seq,50.0,29.223959504738325,0.3214812473662031,True,True
TCGA-02-0064,50.0,19.71,1.0,1.0,10.0,0.0,,,,,,,,,,,,,False,False
TCGA-06-0221,31.0,19.81,1.0,1.0,10.0,1.0,1.0,0.3691265374237531,NPC,0.8342829970785776,0.004382528141986174,0.011888819681350736,0.14944565509808555,0.8342829970785776,RNA-seq,99.0,43.525871559633046,0.3333333333333333,True,True
TCGA-02-0057,66.0,19.84,1.0,0.0,8.0,0.0,,,,,,,,,,,,,False,False
TCGA-32-4213,47.0,19.84,0.0,0.0,,0.0,0.0,0.9758035150679409,MES,0.3329580446968632,0.3329580446968632,0.28996903413275243,0.17159317418639286,0.2054797469839915,Agilent,66.0,25.16473693450112,0.28769261962692616,True,True
TCGA-06-0146,33.0,20.07,1.0,0.0,,,,0.730635052083044,NPC,0.5862286152612183,0.03774057756022435,0.0912190181118155,0.28481178906674187,0.5862286152612183,Agilent,,,,True,False
TCGA-02-0023,38.0,20.11,1.0,0.0,8.0,,,0.8888066900937439,MES,0.4018148195923836,0.4018148195923836,0.36777091788294347,0.11359166749784629,0.11682259502682657,Agilent,,,,True,False
TCGA-06-0179,64.0,20.24,1.0,1.0,6.0,,,0.9753749708713807,MES,0.3069953134259807,0.3069953134259807,0.23966795192262172,0.3021463467464486,0.15119038790494896,Agilent,,,,True,False
TCGA-32-4209,40.0,20.3,1.0,1.0,,0.0,0.0,0.721531265565406,MES,0.5919307467787873,0.5919307467787873,0.2833176537701344,0.09094177585187335,0.033809823599204876,Agilent,38.0,37.43535191292554,0.2437931365030675,True,True
TCGA-02-2486,64.0,20.3,1.0,1.0,8.0,0.0,0.0,0.37900408579477834,MES,0.8657547689287103,0.8657547689287103,0.067553986651385,0.04957278778693395,0.01711845663297074,Agilent,70.0,23.946484550476523,0.3269230769230769,True,True
TCGA-12-0703,46.0,20.37,1.0,1.0,8.0,,,0.9106702882207354,AC,0.4694046812975708,0.22453303249038736,0.4694046812975708,0.17238801437354997,0.13367427183849181,Agilent,,,,True,False
TCGA-06-0124,67.0,20.37,1.0,1.0,,1.0,0.0,,,,,,,,,71.0,22.319576086956538,0.273972602739726,False,True
TCGA-06-0240,57.0,20.4,1.0,1.0,9.0,,0.0,,,,,,,,,,,,False,False
TCGA-RR-A6KC,55.0,20.53,1.0,1.0,,0.0,,,,,,,,,,63.0,26.00202614379085,0.34615384615384615,False,True
TCGA-12-0829,75.0,20.57,1.0,1.0,8.0,1.0,,0.695953963746202,MES,0.6700793321496187,0.6700793321496187,0.1790467022929538,0.06524030906654961,0.08563365649087784,Agilent,814.0,62.61983469156111,0.33755256965659286,True,True
TCGA-02-0015,50.0,20.6,1.0,1.0,8.0,,,0.6683876829671371,MES,0.6941372155916801,0.6941372155916801,0.07327805058662439,0.07018831308044149,0.16239642074125404,Agilent,,,,True,False
TCGA-02-0011,18.0,20.7,1.0,0.0,8.0,1.0,,,,,,,,,,,,,False,False
TCGA-32-2494,58.0,20.76,1.0,0.0,,0.0,0.0,0.9446944786117812,MES,0.414230572558609,0.414230572558609,0.16863877754709303,0.252862175882786,0.164268474011512,Agilent,73.0,28.207465437788017,0.24778761061946902,True,True
TCGA-06-0882,30.0,20.76,1.0,1.0,6.0,0.0,0.0,0.986278434441035,MES,0.3018911958472546,0.3018911958472546,0.29519419552361964,0.19982994506795,0.20308466356117577,Agilent,45.0,29.125740514075858,0.2235294117647059,True,True
TCGA-02-0075,63.0,20.83,1.0,1.0,8.0,1.0,,,,,,,,,,,,,False,False
TCGA-08-0522,61.0,20.86,1.0,1.0,8.0,,,0.3344771603212725,MES,0.8909414931287631,0.8909414931287631,0.041443391983412944,0.0360452155890959,0.03156989929872787,Agilent,,,,True,False
TCGA-74-6575,73.0,20.89,0.0,0.0,9.0,0.0,0.0,,,,,,,,,121.0,56.879622641509414,0.225,False,True
TCGA-76-6286,60.0,20.96,1.0,1.0,8.0,0.0,0.0,,,,,,,,,81.0,28.998512396694224,0.39285714285714285,False,True
TCGA-32-1973,21.0,21.06,1.0,1.0,,1.0,,0.7364724938556021,NPC,0.6540962676378105,0.14023401635534996,0.10250380087389911,0.10316591513294047,0.6540962676378105,Agilent,,,,True,False
TCGA-32-4208,25.0,21.12,0.0,1.0,,1.0,1.0,0.9337640328846059,NPC,0.408012766532796,0.28809850345544863,0.1327998691160521,0.17108886089570316,0.408012766532796,Agilent,41.0,60.23922077922078,0.30625,True,True
TCGA-16-1062,57.0,21.22,1.0,0.0,,1.0,,0.7765605720687246,MES,0.5594994128271259,0.5594994128271259,0.28540427323020795,0.09218596137801478,0.0629103525646514,Agilent,,,,True,False
TCGA-27-1835,53.0,21.29,1.0,0.0,8.0,1.0,0.0,0.6813793827291523,AC,0.6772183898110651,0.05182111083308594,0.6772183898110651,0.17922437306946273,0.09173612628638618,Agilent,79.0,22.42701086956521,0.3902439024390244,True,True
TCGA-12-1092,58.0,21.71,1.0,1.0,8.0,1.0,,0.9652117845006946,MES,0.3466070831198329,0.3466070831198329,0.1359261914316832,0.26185310875148815,0.2556136166969958,Agilent,61.0,71.1648,0.21367521367521367,True,True
TCGA-19-0957,48.0,21.88,1.0,0.0,,0.0,,0.7101455875985067,OPC,0.5531042415202059,0.04796166013387902,0.047002378542515585,0.5531042415202059,0.35193171980339943,Agilent,169.0,77.95799730579256,0.25757575757575757,True,True
TCGA-12-1597,62.0,22.17,1.0,0.0,8.0,0.0,0.0,0.6365196439856928,NPC,0.7079035415578264,0.040822426109654336,0.0841737917277514,0.16710024060476794,0.7079035415578264,Agilent,86.0,78.09632485082484,0.28332551961243946,True,True
TCGA-08-0358,50.0,22.27,1.0,1.0,8.0,,,0.9107198047212074,AC,0.43965821008879047,0.09398671536985911,0.43965821008879047,0.2331897537375858,0.23316532080376456,Agilent,,,,True,False
TCGA-19-5956,53.0,22.47,1.0,0.0,8.0,0.0,,,,,,,,,,,,,False,False
TCGA-28-5219,47.0,22.67,0.0,0.0,7.0,1.0,0.0,0.7474332995640939,NPC,0.47304273573317007,0.03985247674325351,0.07155632058869113,0.41554846693488523,0.47304273573317007,Agilent,60.0,40.98412826660971,0.3089752029844196,True,True
TCGA-08-0244,62.0,22.67,1.0,1.0,8.0,,,0.9387828845433885,AC,0.43260829140140183,0.21559590691928673,0.43260829140140183,0.19970160221408528,0.15209419946522618,Agilent,,,,True,False
TCGA-02-0083,59.0,22.7,1.0,0.0,8.0,1.0,,,,,,,,,,,,,False,False
TCGA-06-0128,66.0,22.7,1.0,1.0,8.0,1.0,1.0,,,,,,,,,65.0,87.0402808988764,0.19047619047619047,False,True
TCGA-32-2634,82.0,22.77,0.0,1.0,,1.0,0.0,0.8149567709043065,NPC,0.5506720410347918,0.07867095641482552,0.1199358570376307,0.25072114551275193,0.5506720410347918,Agilent,56.0,20.985448142386705,0.4154831453129197,True,True
TCGA-14-0786,50.0,23.03,1.0,0.0,8.0,1.0,0.0,0.8434212006840288,AC,0.5149079069369099,0.2721915132942481,0.5149079069369099,0.12610980033077093,0.08679077943807097,Agilent,46.0,18.662636390077704,0.40205479452054793,True,True
TCGA-14-1451,39.0,23.09,1.0,1.0,8.0,0.0,,0.8881480752250669,NPC,0.4381963410450606,0.11324636802519913,0.1229084940566932,0.3256487968730471,0.4381963410450606,Agilent,44.0,60.33110957932271,0.31967866296224506,True,True
TCGA-02-0007,40.0,23.16,1.0,0.0,8.0,0.0,,,,,,,,,,,,,False,False
TCGA-02-0111,56.0,23.16,1.0,1.0,8.0,,,0.5823344567293733,MES,0.7509993431034754,0.7509993431034754,0.11947664185253093,0.09638111328501325,0.03314290175898044,Agilent,,,,True,False
TCGA-28-5214,53.0,23.42,1.0,1.0,7.0,0.0,0.0,0.8830470491113441,MES,0.509927367063527,0.509927367063527,0.18724513232255777,0.17780700588905485,0.12502049472486043,Agilent,58.0,41.02033827802415,0.30062156347119295,True,True
TCGA-12-0822,46.0,23.49,1.0,1.0,8.0,0.0,,0.7885461672018809,MES,0.5804026817395914,0.5804026817395914,0.2360543003306231,0.10451450890462488,0.07902850902516044,Agilent,85.0,67.16519791213571,0.19244532803180914,True,True
TCGA-06-0650,39.0,23.55,1.0,0.0,,0.0,0.0,,,,,,,,,43.0,26.787072463768116,0.11320754716981132,False,True
TCGA-76-6661,54.0,23.88,1.0,1.0,6.0,1.0,0.0,,,,,,,,,67.0,31.76401356698701,0.3407821229050279,False,True
TCGA-06-1084,54.0,23.92,1.0,1.0,8.0,1.0,,0.5543137212727017,MES,0.767913039457128,0.767913039457128,0.1317576656996568,0.05916245497679808,0.041166839866416935,Agilent,113.0,92.19529411764707,0.15555555555555556,True,True
TCGA-06-0216,61.0,24.15,1.0,0.0,8.0,,0.0,0.9811646235100965,AC,0.3150049752310635,0.25386351717073763,0.3150049752310635,0.16229169248390118,0.26883981511429766,Agilent,68.0,32.10511943007665,0.41314935064935066,True,True
TCGA-19-2629,60.0,24.21,1.0,1.0,,0.0,1.0,0.7487937210587486,OPC,0.5627747194885251,0.041989429183878296,0.09204934101321537,0.5627747194885251,0.3031865103143812,Agilent,89.0,59.86650406504064,0.16363636363636364,True,True
TCGA-06-0138,43.0,24.21,1.0,1.0,8.0,,,0.9837174805108235,AC,0.3426134737305258,0.20082536716390614,0.3426134737305258,0.23258180617440236,0.22397935293116555,RNA-seq,,,,True,False
TCGA-27-1833,67.0,24.21,1.0,0.0,8.0,0.0,0.0,0.6786100298779842,AC,0.6736574697543463,0.03451837430446853,0.6736574697543463,0.1676507008542073,0.12417345508697791,Agilent,80.0,27.0083982314848,0.3615047233468286,True,True
TCGA-08-0355,30.0,24.54,1.0,0.0,10.0,,,0.9430686288955952,MES,0.41110704731884545,0.41110704731884545,0.26425133049657995,0.16213787551001776,0.16250374667455683,Agilent,,,,True,False
TCGA-02-0026,27.0,24.57,1.0,1.0,8.0,,,0.6815307451903755,NPC,0.6879231501608003,0.13937645900203174,0.05698322421622859,0.11571716662093942,0.6879231501608003,Agilent,,,,True,False
TCGA-27-2518,52.0,24.74,1.0,1.0,8.0,1.0,0.0,0.8816679391851614,AC,0.4461926631254859,0.07399741585363485,0.4461926631254859,0.30042176849241264,0.17938815252846652,Agilent,65.0,66.4738581235698,0.20353982300884957,True,True
TCGA-12-0819,49.0,24.77,1.0,0.0,6.0,0.0,,0.9640009215316457,AC,0.35413144932185436,0.14180653204311344,0.35413144932185436,0.279131058385835,0.22493096024919718,Agilent,65.0,74.97676012461059,0.22478991596638656,True,True
TCGA-02-0070,70.0,25.03,0.0,1.0,8.0,,,0.8506488103431173,MES,0.5446967636883484,0.5446967636883484,0.19661124224461735,0.13781411510471667,0.12087787896231761,Agilent,,,,True,False
TCGA-02-0337,48.0,25.1,1.0,1.0,8.0,,,0.9019554737843597,OPC,0.4295412712530155,0.31017369542451123,0.10128379770512995,0.4295412712530155,0.1590012356173434,Agilent,,,,True,False
TCGA-32-2638,67.0,25.16,1.0,1.0,,1.0,0.0,0.9229214986186357,MES,0.395317609975447,0.395317609975447,0.3280402980138611,0.14504537110723834,0.13159672090345334,Agilent,71.0,34.062390438247014,0.33620689655172414,True,True
TCGA-06-0132,49.0,25.33,1.0,1.0,,,0.0,0.9770482135008177,OPC,0.3624627850311008,0.19873654797709203,0.22344264808067377,0.3624627850311008,0.21535801891113343,RNA-seq,30.0,27.35457012480477,0.12811850311850312,True,True
TCGA-19-1390,63.0,25.36,1.0,0.0,6.0,1.0,0.0,0.6248109895717717,OPC,0.6322576856982719,0.021764100186228232,0.040939507548882786,0.6322576856982719,0.3050387065666171,Agilent,136.0,46.66486149751876,0.35329077701959055,True,True
TCGA-4W-AA9T,54.0,25.56,0.0,0.0,7.0,0.0,,,,,,,,,,63.0,28.488789893617025,0.23703703703703705,False,True
TCGA-12-1599,47.0,25.66,1.0,0.0,8.0,0.0,,0.9369641953564389,AC,0.4207061246484476,0.1379099323593367,0.4207061246484476,0.2554412987830746,0.18594264420914108,Agilent,49.0,28.438314606741578,0.3111111111111111,True,True
TCGA-08-0347,50.0,25.69,1.0,1.0,10.0,,,0.991410744708388,OPC,0.30444668545863485,0.22406382411724696,0.20453471012255792,0.30444668545863485,0.2669547803015602,Agilent,,,,True,False
TCGA-02-0332,46.0,25.69,1.0,0.0,8.0,,,0.9812552263325639,NPC,0.35095424931700325,0.2128008493688178,0.20548446294375808,0.23076043837042076,0.35095424931700325,Agilent,,,,True,False
TCGA-12-0670,60.0,25.95,1.0,1.0,10.0,1.0,,0.9493376016911519,AC,0.35216832040011026,0.10936934856574144,0.35216832040011026,0.2646806550364255,0.2737816759977228,Agilent,75.0,33.293756253752264,0.36639118457300274,True,True
TCGA-16-0849,54.0,26.05,0.0,1.0,,1.0,,0.8875963261190727,NPC,0.47736509045294506,0.11877885951059163,0.13634257485084023,0.26751347518562313,0.47736509045294506,Agilent,82.0,112.98294398304796,0.14132659362824307,True,True
TCGA-87-5896,50.0,26.28,0.0,0.0,,1.0,0.0,,,,,,,,,65.0,15.937949999999983,0.38095238095238093,False,True
TCGA-14-0866,55.0,26.31,1.0,1.0,8.0,1.0,,0.9697867657480681,AC,0.3159096503395718,0.14808567974404416,0.3159096503395718,0.3148747766667093,0.22112989324967466,Agilent,556.0,71.11480421638124,0.30805176132278933,True,True
TCGA-06-0743,69.0,26.38,1.0,1.0,10.0,,0.0,0.9555955384037672,AC,0.3982523743612396,0.1765927621489987,0.3982523743612396,0.24950775487691304,0.17564710861284877,Agilent,124.0,35.476481291735865,0.3388174171202375,True,True
TCGA-02-0068,57.0,26.41,1.0,1.0,8.0,,,0.7808282276091354,MES,0.6110691236860029,0.6110691236860029,0.17836889935079564,0.10413038429447309,0.10643159266872844,Agilent,,,,True,False
TCGA-12-0688,74.0,26.64,1.0,1.0,10.0,,0.0,0.9448375975299896,AC,0.42673262043631044,0.20950089951368026,0.42673262043631044,0.1956113283718927,0.16815515167811654,Agilent,71.0,20.58169491525425,0.35542168674698793,True,True
TCGA-06-0137,63.0,26.68,1.0,0.0,,1.0,0.0,,,,,,,,,102.0,32.645952984277216,0.37124560806981755,False,True
TCGA-06-0939,79.0,26.74,1.0,0.0,8.0,0.0,0.0,0.702381803512138,MES,0.662246444468709,0.662246444468709,0.17427521379043168,0.11399440609513346,0.04948393564572596,Agilent,85.0,22.95551076500229,0.2740740740740741,True,True
TCGA-06-1800,61.0,26.77,1.0,1.0,6.0,1.0,,0.9578801316216831,OPC,0.3351739495477645,0.2780641766066074,0.11838930401385918,0.3351739495477645,0.268372569831769,Agilent,91.0,56.89046511627907,0.2857142857142857,True,True
TCGA-06-A5U0,21.0,26.77,0.0,0.0,9.0,0.0,,,,,,,,,,39.0,52.808799999999984,0.39325842696629215,False,True
TCGA-12-3648,61.0,26.91,1.0,0.0,8.0,0.0,,0.8864319692618866,AC,0.5082940042640091,0.19511376685917117,0.5082940042640091,0.14970744105948844,0.14688478781733133,Agilent,62.0,26.513450659199744,0.41950512155991604,True,True
TCGA-02-0102,42.0,27.0,1.0,1.0,10.0,0.0,,,,,,,,,,,,,False,False
TCGA-06-0187,69.0,27.2,1.0,1.0,6.0,,,0.8321754173085413,MES,0.4692798539587083,0.4692798539587083,0.34826891804803345,0.11372816675417101,0.0687230612390873,RNA-seq,49.0,17.377451162790685,0.3926940639269406,True,True
TCGA-02-0079,57.0,27.23,1.0,1.0,8.0,,,0.49285874826271786,MES,0.8143973868309502,0.8143973868309502,0.05590671754907823,0.0643825281661445,0.06531336745382721,Agilent,,,,True,False
TCGA-12-0826,38.0,27.76,1.0,0.0,,0.0,,0.9450168828931237,AC,0.3944450812926779,0.2874828991438623,0.3944450812926779,0.16212149311655713,0.15595052644690266,Agilent,89.0,91.77815569487983,0.1584,True,True
TCGA-12-0707,55.0,28.38,1.0,1.0,,,,0.8379288477590935,MES,0.49465733312760163,0.49465733312760163,0.31325719889282266,0.10068557355125055,0.09139989442832518,Agilent,90.0,32.87808549248127,0.3433023187121548,True,True
TCGA-19-A6J5,40.0,28.52,0.0,1.0,10.0,1.0,,,,,,,,,,51.0,21.990717703349276,0.475,False,True
TCGA-02-0069,31.0,28.68,0.0,0.0,8.0,0.0,,,,,,,,,,,,,False,False
TCGA-14-0871,74.0,28.91,1.0,0.0,6.0,0.0,0.0,0.6544979712274652,NPC,0.49042829212119887,0.4451925565858325,0.006492030461014176,0.057887120831954283,0.49042829212119887,Agilent,65.0,82.10203480589023,0.27,True,True
TCGA-16-1045,49.0,29.01,1.0,0.0,,1.0,0.0,0.966534446025765,MES,0.3352549144883385,0.3352549144883385,0.2925261894475772,0.23295010302530747,0.13926879303877693,Agilent,101.0,69.7371111111111,0.22727272727272727,True,True
TCGA-08-0350,32.0,29.2,1.0,1.0,8.0,,,0.9079743416501735,NPC,0.42461106671042714,0.15257880721737985,0.11175066976991019,0.3110594563022828,0.42461106671042714,Agilent,,,,True,False
TCGA-27-1836,33.0,30.03,1.0,0.0,8.0,1.0,0.0,0.8159814389787403,OPC,0.39680268753149106,0.02019274996738038,0.1942796949619595,0.39680268753149106,0.3887248675391691,Agilent,46.0,13.801333043545657,0.30475008707767326,True,True
TCGA-14-1454,54.0,30.16,1.0,0.0,6.0,0.0,,0.611252975937346,NPC,0.6242332969761875,0.0239004909089522,0.027482226917943182,0.32438398519691714,0.6242332969761875,Agilent,,,,True,False
TCGA-06-2563,72.0,30.62,0.0,0.0,8.0,1.0,0.0,0.9391422906721041,AC,0.427562407322238,0.15260315936306892,0.427562407322238,0.18241729521148017,0.23741713810321302,Agilent,88.0,17.844520254534796,0.382417521331888,True,True
TCGA-08-0356,59.0,31.08,1.0,0.0,8.0,,,0.9141510792824521,MES,0.3775664425174,0.3775664425174,0.35435276756643064,0.16418388108446344,0.10389690883170577,Agilent,,,,True,False
TCGA-28-5213,72.0,31.24,0.0,1.0,8.0,0.0,0.0,0.829004089044569,MES,0.511183724874275,0.511183724874275,0.2874328175072864,0.13837233424348694,0.06301112337495166,Agilent,65.0,21.647470288624792,0.2111111111111111,True,True
TCGA-26-1442,43.0,31.31,0.0,1.0,8.0,1.0,1.0,0.8454742580688546,NPC,0.4243992702992327,0.04376291849443223,0.17315008541091625,0.3586877257954189,0.4243992702992327,RNA-seq,49.0,59.71583333333333,0.13953488372093023,True,True
TCGA-06-2570,21.0,31.47,0.0,0.0,10.0,1.0,1.0,0.733471196030279,OPC,0.5198793469189278,0.0292166141794727,0.0823581867830944,0.5198793469189278,0.36854585211850505,Agilent,45.0,45.22626917367639,0.4075829383886256,True,True
TCGA-14-1402,58.0,32.03,1.0,0.0,8.0,1.0,,0.9049444585169399,AC,0.45138405489962474,0.27695033361238863,0.45138405489962474,0.15402443042212777,0.11764118106585877,Agilent,,,,True,False
TCGA-12-1091,10.0,33.18,1.0,0.0,8.0,0.0,,0.9748930652161417,MES,0.33091120712129624,0.33091120712129624,0.25669507354507926,0.15151349006446221,0.26088022926916227,Agilent,,,,True,False
TCGA-06-0129,30.0,33.64,1.0,1.0,10.0,1.0,1.0,0.598914327660321,NPC,0.5268087873391671,0.012646254678515819,0.01935272851116118,0.44119222947115583,0.5268087873391671,RNA-seq,39.0,77.0181818181818,0.25225225225225223,True,True
TCGA-06-1805,28.0,33.87,0.0,0.0,8.0,1.0,,0.8528689607656054,OPC,0.3803059469240417,0.034916588856167115,0.21347203095507536,0.3803059469240417,0.3713054332647159,Agilent,402.0,59.30399999999998,0.3333333333333333,True,True
TCGA-76-6662,58.0,34.43,1.0,1.0,8.0,0.0,0.0,,,,,,,,,46.0,32.697298689866564,0.23425280586368247,False,True
TCGA-12-0619,60.0,34.89,1.0,1.0,8.0,,0.0,0.6907719297755582,MES,0.6814922737415638,0.6814922737415638,0.11158256536846378,0.06113248194526567,0.1457926789447067,Agilent,65.0,46.54207475622968,0.35374149659863946,True,True
TCGA-12-3652,60.0,34.89,1.0,1.0,8.0,0.0,0.0,0.8802964522373018,AC,0.5110213045872302,0.19249515016901536,0.5110213045872302,0.17760034482685852,0.11888320041689591,Agilent,73.0,28.020430622009567,0.4014084507042254,True,True
TCGA-06-0414,63.0,35.09,1.0,1.0,,,,0.7745074587488182,OPC,0.575096865279221,0.10218419765063427,0.06170538512205955,0.575096865279221,0.26101355194808534,Agilent,,,,True,False
TCGA-02-0010,20.0,35.38,1.0,0.0,8.0,1.0,,,,,,,,,,,,,False,False
TCGA-76-6664,49.0,36.17,0.0,0.0,8.0,0.0,0.0,,,,,,,,,64.0,23.830641624749262,0.2959455763708464,False,True
TCGA-76-4935,52.0,36.83,1.0,0.0,8.0,1.0,0.0,0.7062707413546949,NPC,0.4825195909887828,0.015241976413148707,0.0785647200477307,0.4236737125503378,0.4825195909887828,Agilent,64.0,89.76388455008488,0.25271739130434784,True,True
TCGA-08-0357,49.0,37.55,1.0,1.0,8.0,,,0.9659857978929622,AC,0.36858691812528527,0.16902065344727807,0.36858691812528527,0.19287769458402396,0.2695147338434127,Agilent,,,,True,False
TCGA-08-0245,31.0,37.81,1.0,0.0,8.0,,,0.8513308868765979,NPC,0.44244320547559124,0.08000545159037946,0.11567809009035436,0.361873252843675,0.44244320547559124,Agilent,,,,True,False
TCGA-12-0662,51.0,38.14,1.0,1.0,8.0,,,0.8312989846438044,MES,0.5594386969415109,0.5594386969415109,0.2050134383556761,0.10577980299340485,0.1297680617094083,Agilent,36.0,75.75690091930542,0.26559956592512207,True,True
TCGA-12-0827,38.0,38.73,1.0,0.0,10.0,1.0,,0.9707365270819436,AC,0.36932597206659573,0.2463883958807503,0.36932597206659573,0.1770440819071314,0.20724155014552242,Agilent,57.0,86.40477272727274,0.1556420233463035,True,True
TCGA-06-0192,58.0,38.93,1.0,1.0,10.0,,0.0,0.6012731475611246,MES,0.7408396539081846,0.7408396539081846,0.13996401376662837,0.06147519663874424,0.057721135686442666,Agilent,85.0,58.83618932038835,0.22535211267605634,True,True
TCGA-06-0879,52.0,40.37,1.0,1.0,8.0,1.0,0.0,0.9069294881203147,MES,0.47240968992907745,0.47240968992907745,0.23096944811291348,0.1331274534789321,0.1634934084790771,Agilent,72.0,27.59724779188097,0.3191928251121076,True,True
TCGA-27-1834,56.0,40.51,1.0,1.0,8.0,1.0,0.0,0.897986210895821,OPC,0.38651574277055106,0.0640650090076536,0.3227809104176929,0.38651574277055106,0.2266383378041024,Agilent,70.0,70.97214468876209,0.28746498599439774,True,True
TCGA-14-1456,23.0,40.93,0.0,1.0,8.0,1.0,1.0,0.83972173121058,OPC,0.4962746532720278,0.050011261748339135,0.18864914404739722,0.4962746532720278,0.2650649409322358,Agilent,29.0,91.61261502347416,0.23346303501945526,True,True
TCGA-08-0512,48.0,42.12,1.0,1.0,10.0,,,0.41313109591778224,MES,0.8504174401276376,0.8504174401276376,0.08077830372992281,0.03672849883760593,0.03207575730483361,Agilent,,,,True,False
TCGA-02-0025,47.0,42.71,1.0,1.0,10.0,,,0.4791446986850548,MES,0.8209321049568499,0.8209321049568499,0.046050937996777744,0.06777795696512047,0.06523900008125177,Agilent,,,,True,False
TCGA-12-0773,24.0,43.2,1.0,1.0,10.0,,,0.7246618220291199,MES,0.6612750299770356,0.6612750299770356,0.14131313131488918,0.0828864825843933,0.114525356123682,Agilent,76.0,58.555285784554826,0.33454006911304923,True,True
TCGA-06-0875,61.0,43.43,0.0,0.0,8.0,0.0,0.0,0.7885363177292505,NPC,0.4815952744417523,0.08105929784435531,0.060564229064712094,0.37678119864918025,0.4815952744417523,Agilent,78.0,39.93283585612334,0.3531609195402299,True,True
TCGA-12-3646,59.0,43.99,1.0,0.0,8.0,1.0,,0.8732365833823738,NPC,0.44512215065937477,0.08661071469246504,0.13709135516271426,0.33117577948544596,0.44512215065937477,Agilent,96.0,50.66252237797258,0.37119815668202766,True,True
TCGA-06-0188,71.0,44.55,1.0,1.0,10.0,,0.0,,,,,,,,,65.0,36.811182818012036,0.34801762114537443,False,True
TCGA-06-0876,72.0,46.16,0.0,0.0,8.0,1.0,0.0,0.9801993760054293,AC,0.3157350670259658,0.24429086368419012,0.3157350670259658,0.2783232892301082,0.16165078005973582,Agilent,89.0,26.95636363636363,0.3188405797101449,True,True
TCGA-06-0151,32.0,46.55,1.0,0.0,7.0,,0.0,,,,,,,,,21.0,41.008085106382985,0.25,False,True
TCGA-06-0744,66.0,46.85,1.0,1.0,8.0,,0.0,0.9525678106239837,NPC,0.3684445881692258,0.12473155956616695,0.2271976413067879,0.2796262109578193,0.3684445881692258,Agilent,86.0,24.709945550619633,0.41377708978328176,True,True
TCGA-02-0432,36.0,47.08,1.0,1.0,8.0,,,0.7491011017151169,NPC,0.4546544324209427,0.014408232898108008,0.1192982689752859,0.4116390657056634,0.4546544324209427,Agilent,,,,True,False
TCGA-06-0125,63.0,47.57,1.0,0.0,6.0,0.0,0.0,0.9859747608520009,AC,0.3219171342885855,0.1830537841630685,0.3219171342885855,0.24391838020703782,0.25111070134130825,RNA-seq,166.0,35.659023572759764,0.2964859024490636,True,True
TCGA-76-4932,50.0,47.9,1.0,0.0,8.0,0.0,0.0,0.9208284664556773,AC,0.46042830732855755,0.21874157606250086,0.46042830732855755,0.1556484704604577,0.16518164614848388,Agilent,70.0,13.694077232717909,0.3953823953823954,True,True
TCGA-06-0241,65.0,48.65,1.0,0.0,10.0,,0.0,,,,,,,,,73.0,13.034429201956328,0.42083333333333334,False,True
TCGA-02-0116,51.0,48.92,1.0,1.0,8.0,1.0,,,,,,,,,,,,,False,False
TCGA-15-1444,21.0,50.49,1.0,1.0,,1.0,1.0,0.7493269112273695,OPC,0.5774780944857654,0.0323546614469406,0.12340145917402079,0.5774780944857654,0.2667657848932732,RNA-seq,,,,True,False
TCGA-02-0085,63.0,51.28,1.0,0.0,8.0,1.0,,,,,,,,,,,,,False,False
TCGA-02-0024,35.0,53.06,1.0,1.0,10.0,0.0,,,,,,,,,,,,,False,False
TCGA-15-1447,36.0,53.15,0.0,0.0,8.0,1.0,,0.5422099389585607,NPC,0.7753562408363166,0.028608123694293896,0.08208303500028502,0.11395260046910441,0.7753562408363166,Agilent,,,,True,False
TCGA-12-0772,46.0,53.81,1.0,1.0,8.0,,,0.7307254392744738,MES,0.659256438408586,0.659256438408586,0.115214326710215,0.09486173050320325,0.1306675043779957,Agilent,,,,True,False
TCGA-06-0164,47.0,56.87,1.0,1.0,10.0,,,0.7259484631822055,MES,0.6536082655411853,0.6536082655411853,0.12705032082629697,0.1540662605678478,0.0652751530646699,Agilent,,,,True,False
TCGA-02-0087,27.0,57.72,0.0,0.0,8.0,,,0.9615694732166299,OPC,0.35890972112581737,0.1360981941143424,0.2701329039742307,0.35890972112581737,0.23485918078560952,Agilent,,,,True,False
TCGA-08-0517,34.0,58.64,1.0,0.0,8.0,,,0.9497559200281849,NPC,0.41886306278663243,0.189495959257901,0.17782439959527796,0.21381657836018864,0.41886306278663243,Agilent,,,,True,False
TCGA-14-1450,57.0,58.74,0.0,0.0,8.0,0.0,0.0,,,,,,,,,69.0,41.37488372093025,0.2727272727272727,False,True
TCGA-12-3644,47.0,59.72,1.0,0.0,6.0,1.0,,0.8577973611814476,OPC,0.5043028929744088,0.20449832483123018,0.06954684453108129,0.5043028929744088,0.2216519376632797,Agilent,154.0,74.45596876393638,0.3042056074766355,True,True
TCGA-02-0104,29.0,64.95,1.0,0.0,8.0,,,0.47343691432633167,NPC,0.81608456438718,0.040600080199315346,0.0371040388561149,0.10621131655738987,0.81608456438718,Agilent,,,,True,False
TCGA-08-0351,40.0,65.28,1.0,1.0,8.0,,,0.9444322626541815,NPC,0.3387074821334611,0.10022104763279777,0.2627506971366585,0.2983207730970826,0.3387074821334611,Agilent,,,,True,False
TCGA-06-0184,63.0,69.84,1.0,1.0,8.0,,0.0,0.8523123807486918,MES,0.4115641616308779,0.4115641616308779,0.380560281339511,0.15100812468013128,0.056867432349479864,RNA-seq,66.0,35.62144941565827,0.2616241314371063,True,True
TCGA-06-0409,43.0,72.31,1.0,1.0,,,,0.4911554603763863,MES,0.8063108467931572,0.8063108467931572,0.11044081697009857,0.046958644696193215,0.03628969154055097,Agilent,,,,True,False
TCGA-06-0185,54.0,73.78,0.0,1.0,10.0,,0.0,,,,,,,,,78.0,55.242490384515506,0.31011958597125916,False,True
TCGA-02-0021,43.0,77.6,1.0,0.0,8.0,1.0,,,,,,,,,,,,,False,False
TCGA-02-0014,25.0,82.52,1.0,1.0,10.0,0.0,,,,,,,,,,,,,False,False
TCGA-02-0016,50.0,86.99,1.0,1.0,10.0,,,0.939333277211026,AC,0.42808167703231426,0.22461488727063944,0.42808167703231426,0.20144571773626868,0.14585771796077762,Agilent,,,,True,False
TCGA-06-0178,38.0,88.07,1.0,1.0,,,0.0,0.7769978264725212,OPC,0.5196149642566713,0.06144543148382374,0.0778067360028695,0.5196149642566713,0.3411328682566355,RNA-seq,,,,True,False
TCGA-02-0080,28.0,89.65,1.0,1.0,8.0,0.0,,,,,,,,,,,,,False,False
TCGA-02-0028,39.0,90.51,1.0,1.0,10.0,1.0,,,,,,,,,,,,,False,False
TCGA-06-0176,34.0,90.93,0.0,1.0,8.0,,,,,,,,,,,,,,False,False
TCGA-12-0818,45.0,91.69,1.0,0.0,,1.0,,0.8780905763043875,NPC,0.4328910530283463,0.09162721569790117,0.13359112689638322,0.34189060437736923,0.4328910530283463,Agilent,179.0,79.89521235521235,0.24342105263157895,True,True
TCGA-02-0113,43.0,92.58,0.0,0.0,10.0,0.0,,,,,,,,,,,,,False,False
TCGA-12-0656,48.0,94.71,1.0,0.0,8.0,,,0.9026764576802982,AC,0.4785215147647826,0.22943195999416244,0.4785215147647826,0.15793848192691262,0.13410804331414244,Agilent,73.0,63.79398042809804,0.2720504009163803,True,True
TCGA-02-0114,37.0,99.9,1.0,0.0,8.0,1.0,,,,,,,,,,,,,False,False
TCGA-08-0344,66.0,115.77,1.0,1.0,8.0,,,0.6114053612473576,NPC,0.6902636555312617,0.0335809189292023,0.04477947464442272,0.23137595089511329,0.6902636555312617,Agilent,,,,True,False
TCGA-06-6693,64.0,120.47,1.0,0.0,,0.0,0.0,,,,,,,,,61.0,31.76282033898306,0.4098360655737705,False,True
TCGA-12-1088,53.0,127.5,1.0,0.0,8.0,0.0,,0.9426977991738034,MES,0.39648424969777823,0.39648424969777823,0.13321030219322177,0.1886829737460889,0.28162247436291105,Agilent,117.0,102.70833865814694,0.17647058823529413,True,True
